-- phpMyAdmin SQL Dump
-- version 5.2.1
-- https://www.phpmyadmin.net/
--
-- Host: 127.0.0.1
-- Generation Time: May 31, 2023 at 06:58 AM
-- Server version: 10.4.22-MariaDB-log
-- PHP Version: 8.1.2

SET SQL_MODE = "NO_AUTO_VALUE_ON_ZERO";
START TRANSACTION;
SET time_zone = "+00:00";


/*!40101 SET @OLD_CHARACTER_SET_CLIENT=@@CHARACTER_SET_CLIENT */;
/*!40101 SET @OLD_CHARACTER_SET_RESULTS=@@CHARACTER_SET_RESULTS */;
/*!40101 SET @OLD_COLLATION_CONNECTION=@@COLLATION_CONNECTION */;
/*!40101 SET NAMES utf8mb4 */;

--
-- Database: `sila`
--

-- --------------------------------------------------------

--
-- Table structure for table `admin_tbl`
--

CREATE TABLE `admin_tbl` (
  `id` int(11) NOT NULL,
  `patron_id` int(11) NOT NULL,
  `admin_nm` varchar(30) NOT NULL,
  `admin_pw` varchar(30) NOT NULL,
  `barcode` varchar(30) NOT NULL,
  `date` datetime NOT NULL DEFAULT current_timestamp() ON UPDATE current_timestamp()
) ENGINE=InnoDB DEFAULT CHARSET=utf8mb4;

--
-- Dumping data for table `admin_tbl`
--

INSERT INTO `admin_tbl` (`id`, `patron_id`, `admin_nm`, `admin_pw`, `barcode`, `date`) VALUES
(1, 1, 'almera', 'jhslibrary', 'hslib', '2023-02-20 08:35:52'),
(2, 2, 'rose', 'rose', 'gslib', '2023-02-27 08:53:13'),
(3, 2, 'denah', 'denah', 'gslib1', '2023-03-02 07:31:44'),
(4, 1, 'marianne', 'marianne', 'hslib1', '2023-03-02 07:31:32'),
(7, 6, 'testing', 'try', '', '2023-03-09 16:02:24');

-- --------------------------------------------------------

--
-- Table structure for table `attn_tbl`
--

CREATE TABLE `attn_tbl` (
  `id` int(11) NOT NULL,
  `admin_id` int(11) NOT NULL,
  `code_id` int(11) NOT NULL,
  `name` varchar(30) NOT NULL,
  `lastname` varchar(30) NOT NULL,
  `level` varchar(30) NOT NULL,
  `grade_level` varchar(50) NOT NULL,
  `section` varchar(50) NOT NULL,
  `time` time NOT NULL,
  `datename` varchar(50) NOT NULL,
  `status` varchar(30) NOT NULL,
  `date` datetime NOT NULL DEFAULT current_timestamp() ON UPDATE current_timestamp()
) ENGINE=InnoDB DEFAULT CHARSET=utf8mb4;

--
-- Dumping data for table `attn_tbl`
--

INSERT INTO `attn_tbl` (`id`, `admin_id`, `code_id`, `name`, `lastname`, `level`, `grade_level`, `section`, `time`, `datename`, `status`, `date`) VALUES
(118, 1, 57, 'ABANIL', '', 'JHS 10 Patience', 'Grade 10', 'Patience', '11:23:26', '2023-January-05', 'Logged In', '2023-01-25 15:51:55'),
(119, 1, 57, 'ABANIL', '', 'JHS 10 Patience', 'Grade 10', 'Patience', '11:25:25', '2023-January-05', 'Logged Out', '2023-01-25 15:51:55'),
(120, 1, 57, 'ABANIL', '', 'JHS 10 Patience', 'Grade 10', 'Patience', '12:46:23', '2023-January-05', 'Logged In', '2023-01-25 15:51:55'),
(121, 1, 64, 'ABELLA', '', 'JHS 10 Patience', 'Grade 10', 'Patience', '02:15:43', '2023-January-05', 'Logged In', '2023-01-25 15:51:55'),
(122, 1, 99, 'Mazer Ezeiah', 'Jandoc', 'JHS 7 Courage', 'Grade 7', 'Courage', '03:13:27', '2023-January-06', 'Logged In', '2023-01-25 15:51:55'),
(123, 1, 99, 'Mazer Ezeiah', 'Jandoc', 'JHS 7 Courage', 'Grade 7', 'Courage', '03:14:54', '2023-January-06', 'Logged Out', '2023-01-25 15:51:55'),
(124, 1, 99, 'Mazer Ezeiah', 'Jandoc', 'JHS 7 Courage', 'Grade 7', 'Courage', '03:16:21', '2023-January-06', 'Logged In', '2023-01-25 15:51:55'),
(125, 1, 99, 'Mazer Ezeiah', 'Jandoc', 'JHS 7 Courage', 'Grade 7', 'Courage', '03:20:01', '2023-January-06', 'Logged Out', '2023-01-25 15:51:55'),
(126, 1, 99, 'Mazer Ezeiah', 'Jandoc', 'JHS 7 Courage', 'Grade 7', 'Courage', '03:24:15', '2023-January-06', 'Logged In', '2023-01-25 15:51:55'),
(127, 1, 99, 'Mazer Ezeiah', 'Jandoc', 'JHS 7 Courage', 'Grade 7', 'Courage', '03:25:28', '2023-January-06', 'Logged Out', '2023-01-25 15:51:55'),
(128, 1, 57, 'Klent Jearnel C.  ', 'ABANIL', 'JHS 10 Patience', 'Grade 10', 'Patience', '03:26:17', '2023-January-06', 'Logged Out', '2023-01-25 15:51:55'),
(129, 1, 99, 'Mazer Ezeiah', 'Jandoc', 'JHS 7 Courage', 'Grade 7', 'Courage', '03:26:41', '2023-January-06', 'Logged In', '2023-01-25 15:51:55'),
(130, 1, 99, 'Mazer Ezeiah', 'Jandoc', 'JHS 7 Courage', 'Grade 7', 'Courage', '03:39:22', '2023-January-06', 'Logged Out', '2023-01-25 15:51:55'),
(131, 1, 99, 'Mazer Ezeiah', 'Jandoc', 'JHS 7 Courage', 'Grade 7', 'Courage', '08:55:54', '2023-January-07', 'Logged In', '2023-01-25 15:51:55'),
(132, 1, 99, 'Mazer Ezeiah', 'Jandoc', 'JHS 7 Courage', 'Grade 7', 'Courage', '08:40:57', '2023-January-10', 'Logged Out', '2023-01-25 15:51:55'),
(133, 1, 99, 'Mazer Ezeiah', 'Jandoc', 'JHS 7 Courage', 'Grade 7', 'Courage', '11:33:35', '2023-January-11', 'Logged In', '2023-01-25 15:51:55'),
(134, 1, 100, 'Miguel Eli C.  ', 'BORRAS', 'JHS 10 Patience', 'Grade 10', 'Patience', '11:40:34', '2023-January-11', 'Logged In', '2023-01-25 15:51:55'),
(135, 1, 99, 'Mazer Ezeiah', 'Jandoc', 'JHS 7 Courage', 'Grade 7', 'Courage', '11:40:46', '2023-January-11', 'Logged Out', '2023-01-25 15:51:55'),
(136, 1, 100, 'Miguel Eli C.  ', 'BORRAS', 'JHS 10 Patience', 'Grade 10', 'Patience', '08:47:05', '2023-January-12', 'Logged Out', '2023-01-25 15:51:55'),
(137, 1, 99, 'Mazer Ezeiah', 'Jandoc', 'JHS 7 Courage', 'Grade 7', 'Courage', '10:29:04', '2023-January-12', 'Logged In', '2023-01-25 15:51:55'),
(138, 1, 99, 'Mazer Ezeiah', 'Jandoc', 'JHS 7 Courage', 'Grade 7', 'Courage', '10:30:10', '2023-January-12', 'Logged Out', '2023-01-25 15:51:55'),
(139, 1, 99, 'Mazer Ezeiah', 'Jandoc', 'JHS 7 Courage', 'Grade 7', 'Courage', '10:43:33', '2023-January-12', 'Logged In', '2023-01-25 15:51:55'),
(140, 1, 99, 'Mazer Ezeiah', 'Jandoc', 'JHS 7 Courage', 'Grade 7', 'Courage', '10:45:34', '2023-January-12', 'Logged Out', '2023-01-25 15:51:55'),
(141, 1, 99, 'Mazer Ezeiah', 'Jandoc', 'JHS 7 Courage', 'Grade 7', 'Courage', '10:52:29', '2023-January-12', 'Logged In', '2023-01-25 15:51:55'),
(142, 1, 101, 'Taizo Mateus A.  	', 'PACULANAN', 'JHS 7 Faith', 'Grade 7', 'Faith', '11:01:57', '2023-January-12', 'Logged In', '2023-01-25 15:51:55'),
(143, 1, 629, 'Ashley Wyeth B.  ', 'ALAMILLO', 'JHS 10 Piety', 'Grade 10', 'Piety', '10:29:51', '2023-January-16', 'Logged In', '2023-01-25 15:51:55'),
(144, 1, 505, 'Tamara Jill G.  ', 'ALTAMERA', 'JHS 9 Modesty', 'Grade 9', 'Modesty', '10:32:53', '2023-January-16', 'Logged In', '2023-01-25 15:51:55'),
(145, 1, 505, 'Tamara Jill G.  ', 'ALTAMERA', 'JHS 9 Modesty', 'Grade 9', 'Modesty', '10:35:00', '2023-January-16', 'Logged Out', '2023-01-25 15:51:55'),
(146, 1, 504, 'John Patrick P.  ', 'YAP', 'JHS 9 Modesty', 'Grade 9', 'Modesty', '10:38:37', '2023-January-16', 'Logged In', '2023-01-25 15:51:55'),
(147, 1, 505, 'Tamara Jill G.  ', 'ALTAMERA', 'JHS 9 Modesty', 'Grade 9', 'Modesty', '10:38:52', '2023-January-16', 'Logged In', '2023-01-25 15:51:55'),
(148, 1, 504, 'John Patrick P.  ', 'YAP', 'JHS 9 Modesty', 'Grade 9', 'Modesty', '10:39:47', '2023-January-16', 'Logged Out', '2023-01-25 15:51:55'),
(149, 1, 629, 'Ashley Wyeth B.  ', 'ALAMILLO', 'JHS 10 Piety', 'Grade 10', 'Piety', '10:43:56', '2023-January-16', 'Logged Out', '2023-01-25 15:51:55'),
(150, 1, 629, 'Ashley Wyeth B.  ', 'ALAMILLO', 'JHS 10 Piety', 'Grade 10', 'Piety', '10:44:57', '2023-January-16', 'Logged In', '2023-01-25 15:51:55'),
(151, 1, 324, 'Rhionne Fae R.  ', 'PAYOT', 'JHS 8 Humility', 'Grade 8', 'Humility', '10:47:39', '2023-January-16', 'Logged In', '2023-01-25 15:51:55'),
(152, 1, 324, 'Rhionne Fae R.  ', 'PAYOT', 'JHS 8 Humility', 'Grade 8', 'Humility', '10:49:10', '2023-January-16', 'Logged Out', '2023-01-25 15:51:55'),
(153, 1, 324, 'Rhionne Fae R.  ', 'PAYOT', 'JHS 8 Humility', 'Grade 8', 'Humility', '10:50:21', '2023-January-16', 'Logged In', '2023-01-25 15:51:55'),
(154, 1, 629, 'Ashley Wyeth B.  ', 'ALAMILLO', 'JHS 10 Piety', 'Grade 10', 'Piety', '10:51:34', '2023-January-16', 'Logged Out', '2023-01-25 15:51:55'),
(155, 1, 504, 'John Patrick P.  ', 'YAP', 'JHS 9 Modesty', 'Grade 9', 'Modesty', '10:51:49', '2023-January-16', 'Logged In', '2023-01-25 15:51:55'),
(156, 1, 324, 'Rhionne Fae R.  ', 'PAYOT', 'JHS 8 Humility', 'Grade 8', 'Humility', '10:51:57', '2023-January-16', 'Logged Out', '2023-01-25 15:51:55'),
(157, 1, 324, 'Rhionne Fae R.  ', 'PAYOT', 'JHS 8 Humility', 'Grade 8', 'Humility', '10:53:00', '2023-January-16', 'Logged In', '2023-01-25 15:51:55'),
(158, 1, 324, 'Rhionne Fae R.  ', 'PAYOT', 'JHS 8 Humility', 'Grade 8', 'Humility', '10:54:18', '2023-January-16', 'Logged Out', '2023-01-25 15:51:55'),
(159, 1, 324, 'Rhionne Fae R.  ', 'PAYOT', 'JHS 8 Humility', 'Grade 8', 'Humility', '10:55:22', '2023-January-16', 'Logged In', '2023-01-25 15:51:55'),
(160, 1, 324, 'Rhionne Fae R.  ', 'PAYOT', 'JHS 8 Humility', 'Grade 8', 'Humility', '10:56:30', '2023-January-16', 'Logged Out', '2023-01-25 15:51:55'),
(161, 1, 324, 'Rhionne Fae R.  ', 'PAYOT', 'JHS 8 Humility', 'Grade 8', 'Humility', '11:03:26', '2023-January-16', 'Logged In', '2023-01-25 15:51:55'),
(162, 1, 324, 'Rhionne Fae R.  ', 'PAYOT', 'JHS 8 Humility', 'Grade 8', 'Humility', '11:04:33', '2023-January-16', 'Logged Out', '2023-01-25 15:51:55'),
(163, 1, 99, 'Mazer Ezeiah', 'Jandoc', 'JHS 7 Courage', 'Grade 7', 'Courage', '11:22:59', '2023-January-16', 'Logged Out', '2023-01-25 15:51:55'),
(164, 1, 313, 'Zoe Christel D.  ', 'DEGALA', 'JHS 8 Humility', 'Grade 8', 'Humility', '11:25:19', '2023-January-16', 'Logged In', '2023-01-25 15:51:55'),
(165, 1, 628, 'Ioan Vincent B.  ', 'YU', 'JHS 10 Piety', 'Grade 10', 'Piety', '08:26:01', '2023-January-17', 'Logged In', '2023-01-25 15:51:55'),
(166, 1, 628, 'Ioan Vincent B.  ', 'YU', 'JHS 10 Piety', 'Grade 10', 'Piety', '08:39:45', '2023-January-17', 'Logged Out', '2023-01-25 15:51:55'),
(167, 1, 628, 'Ioan Vincent B.  ', 'YU', 'JHS 10 Piety', 'Grade 10', 'Piety', '08:43:43', '2023-January-17', 'Logged In', '2023-01-25 15:51:55'),
(168, 1, 628, 'Ioan Vincent B.  ', 'YU', 'JHS 10 Piety', 'Grade 10', 'Piety', '08:44:48', '2023-January-17', 'Logged Out', '2023-01-25 15:51:55'),
(169, 1, 628, 'Ioan Vincent B.  ', 'YU', 'JHS 10 Piety', 'Grade 10', 'Piety', '08:54:38', '2023-January-17', 'Logged In', '2023-01-25 15:51:55'),
(170, 1, 628, 'Ioan Vincent B.  ', 'YU', 'JHS 10 Piety', 'Grade 10', 'Piety', '08:56:07', '2023-January-17', 'Logged Out', '2023-01-25 15:51:55'),
(171, 1, 628, 'Ioan Vincent B.  ', 'YU', 'JHS 10 Piety', 'Grade 10', 'Piety', '08:58:15', '2023-January-17', 'Logged In', '2023-01-25 15:51:55'),
(172, 1, 628, 'Ioan Vincent B.  ', 'YU', 'JHS 10 Piety', 'Grade 10', 'Piety', '08:59:16', '2023-January-17', 'Logged Out', '2023-01-25 15:51:55'),
(173, 1, 628, 'Ioan Vincent B.  ', 'YU', 'JHS 10 Piety', 'Grade 10', 'Piety', '09:05:20', '2023-January-17', 'Logged In', '2023-01-25 15:51:55'),
(174, 1, 628, 'Ioan Vincent B.  ', 'YU', 'JHS 10 Piety', 'Grade 10', 'Piety', '09:08:19', '2023-January-17', 'Logged Out', '2023-01-25 15:51:55'),
(175, 1, 628, 'Ioan Vincent B.  ', 'YU', 'JHS 10 Piety', 'Grade 10', 'Piety', '09:12:12', '2023-January-17', 'Logged In', '2023-01-25 15:51:55'),
(176, 1, 628, 'Ioan Vincent B.  ', 'YU', 'JHS 10 Piety', 'Grade 10', 'Piety', '09:16:50', '2023-January-17', 'Logged Out', '2023-01-25 15:51:55'),
(177, 1, 81, 'Jayeisha Ellise C.  	', 'RIVAS', 'JHS 7 Chastity', 'Grade 7', 'Chastity', '09:20:12', '2023-January-17', 'Logged In', '2023-01-25 15:51:55'),
(178, 1, 81, 'Jayeisha Ellise C.  	', 'RIVAS', 'JHS 7 Chastity', 'Grade 7', 'Chastity', '09:21:41', '2023-January-17', 'Logged Out', '2023-01-25 15:51:55'),
(179, 1, 80, 'Edshane Yome C.  	', 'RAPAZ', 'JHS 7 Chastity', 'Grade 7', 'Chastity', '09:22:32', '2023-January-17', 'Logged In', '2023-01-25 15:51:55'),
(180, 1, 81, 'Jayeisha Ellise C.  	', 'RIVAS', 'JHS 7 Chastity', 'Grade 7', 'Chastity', '09:23:29', '2023-January-17', 'Logged In', '2023-01-25 15:51:55'),
(181, 1, 80, 'Edshane Yome C.  	', 'RAPAZ', 'JHS 7 Chastity', 'Grade 7', 'Chastity', '09:24:28', '2023-January-17', 'Logged Out', '2023-01-25 15:51:55'),
(182, 1, 81, 'Jayeisha Ellise C.  	', 'RIVAS', 'JHS 7 Chastity', 'Grade 7', 'Chastity', '09:26:59', '2023-January-17', 'Logged Out', '2023-01-25 15:51:55'),
(183, 1, 80, 'Edshane Yome C.  	', 'RAPAZ', 'JHS 7 Chastity', 'Grade 7', 'Chastity', '09:27:24', '2023-January-17', 'Logged In', '2023-01-25 15:51:55'),
(184, 1, 80, 'Edshane Yome C.  	', 'RAPAZ', 'JHS 7 Chastity', 'Grade 7', 'Chastity', '09:28:35', '2023-January-17', 'Logged Out', '2023-01-25 15:51:55'),
(185, 1, 628, 'Ioan Vincent B.  ', 'YU', 'JHS 10 Piety', 'Grade 10', 'Piety', '09:28:52', '2023-January-17', 'Logged In', '2023-01-25 15:51:55'),
(186, 1, 384, 'Maria Kristine B.  ', 'ABELLA', 'JHS 9 Joy', 'Grade 9', 'Joy', '09:32:48', '2023-January-17', 'Logged In', '2023-01-25 15:51:55'),
(187, 1, 397, 'Deanna Belle T.  ', 'LUY', 'JHS 9 Joy', 'Grade 9', 'Joy', '09:32:55', '2023-January-17', 'Logged In', '2023-01-25 15:51:55'),
(188, 1, 81, 'Jayeisha Ellise C.  	', 'RIVAS', 'JHS 7 Chastity', 'Grade 7', 'Chastity', '09:33:01', '2023-January-17', 'Logged In', '2023-01-25 15:51:55'),
(189, 1, 400, 'Venice Marie B.  ', 'QUIÑON', 'JHS 9 Joy', 'Grade 9', 'Joy', '09:33:36', '2023-January-17', 'Logged In', '2023-01-25 15:51:55'),
(190, 1, 391, 'Lois Angelica Marie C.  *', 'ENRIQUEZ', 'JHS 9 Joy', 'Grade 9', 'Joy', '09:33:51', '2023-January-17', 'Logged In', '2023-01-25 15:51:55'),
(191, 1, 393, 'Alijhana Faith P.  ', 'ESTIBAR', 'JHS 9 Joy', 'Grade 9', 'Joy', '09:34:24', '2023-January-17', 'Logged In', '2023-01-25 15:51:55'),
(192, 1, 395, 'Samantha Rey C.  ', 'LARUTIN', 'JHS 9 Joy', 'Grade 9', 'Joy', '09:34:54', '2023-January-17', 'Logged In', '2023-01-25 15:51:55'),
(193, 1, 403, 'Stellar N.  ', 'SALES', 'JHS 9 Joy', 'Grade 9', 'Joy', '09:34:56', '2023-January-17', 'Logged In', '2023-01-25 15:51:55'),
(194, 1, 392, 'Helaena G.  ', 'ESTEMAR', 'JHS 9 Joy', 'Grade 9', 'Joy', '09:34:58', '2023-January-17', 'Logged In', '2023-01-25 15:51:55'),
(195, 1, 388, 'Rianne Leigh L.  ', 'DACAY', 'JHS 9 Joy', 'Grade 9', 'Joy', '09:35:02', '2023-January-17', 'Logged In', '2023-01-25 15:51:55'),
(196, 1, 190, 'Samantha Sabina M.  ', 'MEJORADA', 'JHS 7 Fortitude', 'Grade 7', 'Fortitude', '09:35:10', '2023-January-17', 'Logged In', '2023-01-25 15:51:55'),
(197, 1, 193, 'Shan Tsen I.  *', 'TAN', 'JHS 7 Fortitude', 'Grade 7', 'Fortitude', '09:35:13', '2023-January-17', 'Logged In', '2023-01-25 15:51:55'),
(198, 1, 185, 'Cyan Joy Amarah A.  ', 'CARBONELL', 'JHS 7 Fortitude', 'Grade 7', 'Fortitude', '09:35:19', '2023-January-17', 'Logged In', '2023-01-25 15:51:55'),
(199, 1, 184, 'Shiley Gwenvere R.  ', 'CANOPEN', 'JHS 7 Fortitude', 'Grade 7', 'Fortitude', '09:35:21', '2023-January-17', 'Logged In', '2023-01-25 15:51:55'),
(200, 1, 169, 'Jansen Kaye C.  *', 'CASTAсRES', 'JHS 7 Fortitude', 'Grade 7', 'Fortitude', '09:35:23', '2023-January-17', 'Logged In', '2023-01-25 15:51:55'),
(201, 1, 163, 'Julia Alexandra T.  	', 'TAN', 'JHS 7 Faith', 'Grade 7', 'Faith', '09:35:26', '2023-January-17', 'Logged In', '2023-01-25 15:51:55'),
(202, 1, 500, 'Navjot   ', 'SINGH', 'JHS 9 Modesty', 'Grade 9', 'Modesty', '09:35:37', '2023-January-17', 'Logged In', '2023-01-25 15:51:55'),
(203, 1, 486, 'Clark Ivan G.  ', 'BENTULAN', 'JHS 9 Modesty', 'Grade 9', 'Modesty', '09:35:43', '2023-January-17', 'Logged In', '2023-01-25 15:51:55'),
(204, 1, 499, 'Jaskaran   ', 'SINGH', 'JHS 9 Modesty', 'Grade 9', 'Modesty', '09:35:50', '2023-January-17', 'Logged In', '2023-01-25 15:51:55'),
(205, 1, 446, 'Mathew John S.  ', 'ABADIA', 'JHS 9 Loyalty', 'Grade 9', 'Loyalty', '09:36:00', '2023-January-17', 'Logged In', '2023-01-25 15:51:55'),
(206, 1, 430, 'Josue Vito Z.  ', 'TESADO', 'JHS 9 Justice', 'Grade 9', 'Justice', '09:36:07', '2023-January-17', 'Logged In', '2023-01-25 15:51:55'),
(207, 1, 150, 'Isabelle Rae D.S.  	', 'BATU', 'JHS 7 Faith', 'Grade 7', 'Faith', '09:36:11', '2023-January-17', 'Logged In', '2023-01-25 15:51:55'),
(208, 1, 398, 'Julia Margarita S.  ', 'PADILLA', 'JHS 9 Joy', 'Grade 9', 'Joy', '09:36:26', '2023-January-17', 'Logged In', '2023-01-25 15:51:55'),
(209, 1, 404, 'Denise Beatrice C.  ', 'SICCIO', 'JHS 9 Joy', 'Grade 9', 'Joy', '09:37:02', '2023-January-17', 'Logged In', '2023-01-25 15:51:55'),
(210, 1, 446, 'Mathew John S.  ', 'ABADIA', 'JHS 9 Loyalty', 'Grade 9', 'Loyalty', '09:37:53', '2023-January-17', 'Logged Out', '2023-01-25 15:51:55'),
(211, 1, 486, 'Clark Ivan G.  ', 'BENTULAN', 'JHS 9 Modesty', 'Grade 9', 'Modesty', '09:37:57', '2023-January-17', 'Logged Out', '2023-01-25 15:51:55'),
(212, 1, 455, 'Miguel Alfonso A.  ', 'MANAOIS', 'JHS 9 Loyalty', 'Grade 9', 'Loyalty', '09:38:06', '2023-January-17', 'Logged In', '2023-01-25 15:51:55'),
(213, 1, 460, 'Jon Anthony D.  ', 'NOVENO', 'JHS 9 Loyalty', 'Grade 9', 'Loyalty', '09:38:16', '2023-January-17', 'Logged In', '2023-01-25 15:51:55'),
(214, 1, 493, 'George C.  ', 'GASCO', 'JHS 9 Modesty', 'Grade 9', 'Modesty', '09:38:25', '2023-January-17', 'Logged In', '2023-01-25 15:51:55'),
(215, 1, 397, 'Deanna Belle T.  ', 'LUY', 'JHS 9 Joy', 'Grade 9', 'Joy', '09:38:35', '2023-January-17', 'Logged Out', '2023-01-25 15:51:55'),
(216, 1, 371, 'Tyrone Miguel T.  ', 'CRUZ', 'JHS 9 Joy', 'Grade 9', 'Joy', '09:38:58', '2023-January-17', 'Logged In', '2023-01-25 15:51:55'),
(217, 1, 384, 'Maria Kristine B.  ', 'ABELLA', 'JHS 9 Joy', 'Grade 9', 'Joy', '09:39:01', '2023-January-17', 'Logged Out', '2023-01-25 15:51:55'),
(218, 1, 376, 'Roland Ivan M.  ', 'LAGAPA', 'JHS 9 Joy', 'Grade 9', 'Joy', '09:39:07', '2023-January-17', 'Logged In', '2023-01-25 15:51:55'),
(219, 1, 169, 'Jansen Kaye C.  *', 'CASTAсRES', 'JHS 7 Fortitude', 'Grade 7', 'Fortitude', '09:42:49', '2023-January-17', 'Logged Out', '2023-01-25 15:51:55'),
(220, 1, 190, 'Samantha Sabina M.  ', 'MEJORADA', 'JHS 7 Fortitude', 'Grade 7', 'Fortitude', '09:42:52', '2023-January-17', 'Logged Out', '2023-01-25 15:51:55'),
(221, 1, 427, 'Aeddan Lance D.', 'ZAPANTA', 'JHS 9 Justice', 'Grade 9', 'Justice', '09:43:09', '2023-January-17', 'Logged In', '2023-01-25 15:51:55'),
(222, 1, 166, 'Kenneth V.  ', 'BASAxS', 'JHS 7 Fortitude', 'Grade 7', 'Fortitude', '09:43:19', '2023-January-17', 'Logged In', '2023-01-25 15:51:55'),
(223, 1, 457, 'Louise Ian Q.  ', 'MANGAO', 'JHS 9 Loyalty', 'Grade 9', 'Loyalty', '09:43:27', '2023-January-17', 'Logged In', '2023-01-25 15:51:55'),
(224, 1, 443, 'Darilo E.  ', 'BUTONG', 'JHS 9 Justice', 'Grade 9', 'Justice', '09:44:04', '2023-January-17', 'Logged In', '2023-01-25 15:51:55'),
(225, 1, 500, 'Navjot   ', 'SINGH', 'JHS 9 Modesty', 'Grade 9', 'Modesty', '09:46:35', '2023-January-17', 'Logged Out', '2023-01-25 15:51:55'),
(226, 1, 80, 'Edshane Yome C.  	', 'RAPAZ', 'JHS 7 Chastity', 'Grade 7', 'Chastity', '09:50:05', '2023-January-17', 'Logged In', '2023-01-25 15:51:55'),
(227, 1, 81, 'Jayeisha Ellise C.  	', 'RIVAS', 'JHS 7 Chastity', 'Grade 7', 'Chastity', '09:50:51', '2023-January-17', 'Logged Out', '2023-01-25 15:51:55'),
(228, 1, 79, 'Elyza Jillian Q.  	', 'PATAYON', 'JHS 7 Chastity', 'Grade 7', 'Chastity', '09:50:55', '2023-January-17', 'Logged In', '2023-01-25 15:51:55'),
(229, 1, 166, 'Kenneth V.  ', 'BASAxS', 'JHS 7 Fortitude', 'Grade 7', 'Fortitude', '09:51:23', '2023-January-17', 'Logged Out', '2023-01-25 15:51:55'),
(230, 1, 280, 'Anjelica Kaitlyn E.  ', 'DOBLES', 'JHS 8 Hope', 'Grade 8', 'Hope', '10:04:37', '2023-January-17', 'Logged In', '2023-01-25 15:51:55'),
(231, 1, 293, 'Bai Jazira Jamirie M.  ', 'RASUMAN', 'JHS 8 Hope', 'Grade 8', 'Hope', '10:04:59', '2023-January-17', 'Logged In', '2023-01-25 15:51:55'),
(232, 1, 281, 'Samantha Charbel Y.  ', 'DUPA', 'JHS 8 Hope', 'Grade 8', 'Hope', '10:05:13', '2023-January-17', 'Logged In', '2023-01-25 15:51:55'),
(233, 1, 274, 'John Mark B.  ', 'UY', 'JHS 8 Hope', 'Grade 8', 'Hope', '10:06:55', '2023-January-17', 'Logged In', '2023-01-25 15:51:55'),
(234, 1, 124, 'Ayesha Isabelle N.  	', 'LIM', 'JHS 7 Courage', 'Grade 7', 'Courage', '10:07:01', '2023-January-17', 'Logged In', '2023-01-25 15:51:55'),
(235, 1, 129, 'Johanna Claris S.  	', 'REYES', 'JHS 7 Courage', 'Grade 7', 'Courage', '10:07:14', '2023-January-17', 'Logged In', '2023-01-25 15:51:55'),
(236, 1, 130, 'Yesha Angel   	', 'RODULFA', 'JHS 7 Courage', 'Grade 7', 'Courage', '10:07:17', '2023-January-17', 'Logged In', '2023-01-25 15:51:55'),
(237, 1, 110, 'Jose Jomari A.  	', 'NEQUINTO', 'JHS 7 Courage', 'Grade 7', 'Courage', '10:07:23', '2023-January-17', 'Logged In', '2023-01-25 15:51:55'),
(238, 1, 111, 'Lee Grant Benedict M.  	', 'PADONG', 'JHS 7 Courage', 'Grade 7', 'Courage', '10:07:46', '2023-January-17', 'Logged In', '2023-01-25 15:51:55'),
(239, 1, 112, 'Chico Inno T.  	', 'TAN', 'JHS 7 Courage', 'Grade 7', 'Courage', '10:08:14', '2023-January-17', 'Logged In', '2023-01-25 15:51:55'),
(240, 1, 197, 'Lance Christian G.  ', 'ABAYAN', 'JHS 8 Generosity', 'Grade 8', 'Generosity', '10:26:07', '2023-January-17', 'Logged In', '2023-01-25 15:51:55'),
(241, 1, 197, 'Lance Christian G.  ', 'ABAYAN', 'JHS 8 Generosity', 'Grade 8', 'Generosity', '10:27:52', '2023-January-17', 'Logged Out', '2023-01-25 15:51:55'),
(242, 1, 112, 'Chico Inno T.  	', 'TAN', 'JHS 7 Courage', 'Grade 7', 'Courage', '10:31:27', '2023-January-17', 'Logged Out', '2023-01-25 15:51:55'),
(243, 1, 112, 'Chico Inno T.  	', 'TAN', 'JHS 7 Courage', 'Grade 7', 'Courage', '10:33:49', '2023-January-17', 'Logged In', '2023-01-25 15:51:55'),
(244, 1, 124, 'Ayesha Isabelle N.  	', 'LIM', 'JHS 7 Courage', 'Grade 7', 'Courage', '10:35:01', '2023-January-17', 'Logged Out', '2023-01-25 15:51:55'),
(245, 1, 129, 'Johanna Claris S.  	', 'REYES', 'JHS 7 Courage', 'Grade 7', 'Courage', '10:35:09', '2023-January-17', 'Logged Out', '2023-01-25 15:51:55'),
(246, 1, 130, 'Yesha Angel   	', 'RODULFA', 'JHS 7 Courage', 'Grade 7', 'Courage', '10:35:12', '2023-January-17', 'Logged Out', '2023-01-25 15:51:55'),
(247, 1, 112, 'Chico Inno T.  	', 'TAN', 'JHS 7 Courage', 'Grade 7', 'Courage', '10:35:32', '2023-January-17', 'Logged Out', '2023-01-25 15:51:55'),
(248, 1, 111, 'Lee Grant Benedict M.  	', 'PADONG', 'JHS 7 Courage', 'Grade 7', 'Courage', '10:36:09', '2023-January-17', 'Logged Out', '2023-01-25 15:51:55'),
(249, 1, 110, 'Jose Jomari A.  	', 'NEQUINTO', 'JHS 7 Courage', 'Grade 7', 'Courage', '10:36:13', '2023-January-17', 'Logged Out', '2023-01-25 15:51:55'),
(250, 1, 293, 'Bai Jazira Jamirie M.  ', 'RASUMAN', 'JHS 8 Hope', 'Grade 8', 'Hope', '10:38:38', '2023-January-17', 'Logged Out', '2023-01-25 15:51:55'),
(251, 1, 274, 'John Mark B.  ', 'UY', 'JHS 8 Hope', 'Grade 8', 'Hope', '10:38:43', '2023-January-17', 'Logged Out', '2023-01-25 15:51:55'),
(252, 1, 281, 'Samantha Charbel Y.  ', 'DUPA', 'JHS 8 Hope', 'Grade 8', 'Hope', '10:38:50', '2023-January-17', 'Logged Out', '2023-01-25 15:51:55'),
(253, 1, 280, 'Anjelica Kaitlyn E.  ', 'DOBLES', 'JHS 8 Hope', 'Grade 8', 'Hope', '10:39:17', '2023-January-17', 'Logged Out', '2023-01-25 15:51:55'),
(254, 1, 198, 'Alfonso J.  ', 'ALEJANDRO', 'JHS 8 Generosity', 'Grade 8', 'Generosity', '02:49:08', '2023-January-17', 'Logged In', '2023-01-25 15:51:55'),
(255, 1, 199, 'Zeus Raphael L.  ', 'AMIGABLE', 'JHS 8 Generosity', 'Grade 8', 'Generosity', '02:49:08', '2023-January-17', 'Logged In', '2023-01-25 15:51:55'),
(256, 1, 197, 'Lance Christian G.  ', 'ABAYAN', 'JHS 8 Generosity', 'Grade 8', 'Generosity', '02:49:08', '2023-January-17', 'Logged In', '2023-01-25 15:51:55'),
(257, 1, 255, 'Ricci Aliana Q.  ', 'MENDEZ', 'JHS 8 Honesty', 'Grade 8', 'Honesty', '02:49:45', '2023-January-17', 'Logged In', '2023-01-25 15:51:55'),
(258, 1, 246, 'Martina Julia P.  ', 'BARUIS', 'JHS 8 Honesty', 'Grade 8', 'Honesty', '02:49:53', '2023-January-17', 'Logged In', '2023-01-25 15:51:55'),
(259, 1, 250, 'Elexa Riela B.  ', 'DAYAGUIT', 'JHS 8 Honesty', 'Grade 8', 'Honesty', '02:49:59', '2023-January-17', 'Logged In', '2023-01-25 15:51:55'),
(260, 1, 251, 'Mikhaela Alexandra C.  ', 'ELLORIMO', 'JHS 8 Honesty', 'Grade 8', 'Honesty', '02:49:59', '2023-January-17', 'Logged In', '2023-01-25 15:51:55'),
(261, 1, 252, 'Lian Gail M.  ', 'ILAGAN', 'JHS 8 Honesty', 'Grade 8', 'Honesty', '02:50:01', '2023-January-17', 'Logged In', '2023-01-25 15:51:55'),
(262, 1, 253, 'Misha Antoinette M.  ', 'LIM', 'JHS 8 Honesty', 'Grade 8', 'Honesty', '02:50:02', '2023-January-17', 'Logged In', '2023-01-25 15:51:55'),
(263, 1, 254, 'Marianne Gabrielle D.  ', 'MATURAN', 'JHS 8 Honesty', 'Grade 8', 'Honesty', '02:50:03', '2023-January-17', 'Logged In', '2023-01-25 15:51:55'),
(264, 1, 238, 'Danielle James G.  ', 'PADIOS', 'JHS 8 Honesty', 'Grade 8', 'Honesty', '02:50:12', '2023-January-17', 'Logged In', '2023-01-25 15:51:55'),
(265, 1, 237, 'Krischnan Stefanos B.  ', 'ONG', 'JHS 8 Honesty', 'Grade 8', 'Honesty', '02:50:13', '2023-January-17', 'Logged In', '2023-01-25 15:51:55'),
(266, 1, 256, 'Stephanie Rose Hyacinth F.  ', 'NATIVIDAD', 'JHS 8 Honesty', 'Grade 8', 'Honesty', '03:04:40', '2023-January-17', 'Logged In', '2023-01-25 15:51:55'),
(267, 1, 257, 'Kimzel Kate R.  ', 'OLAY', 'JHS 8 Honesty', 'Grade 8', 'Honesty', '03:05:45', '2023-January-17', 'Logged In', '2023-01-25 15:51:55'),
(268, 1, 230, 'Ethan S.  ', 'BELDIA', 'JHS 8 Honesty', 'Grade 8', 'Honesty', '07:53:47', '2023-January-19', 'Logged In', '2023-01-25 15:51:55'),
(269, 1, 239, 'Alphonsus Jacob L.  ', 'PANTOJAN', 'JHS 8 Honesty', 'Grade 8', 'Honesty', '08:13:42', '2023-January-19', 'Logged In', '2023-01-25 15:51:55'),
(270, 1, 241, 'Reggae Kian A.  ', 'SINFUEGO', 'JHS 8 Honesty', 'Grade 8', 'Honesty', '08:18:01', '2023-January-19', 'Logged In', '2023-01-25 15:51:55'),
(271, 1, 242, 'Jeremiah Jorge R.  ', 'TORIBIO', 'JHS 8 Honesty', 'Grade 8', 'Honesty', '08:18:54', '2023-January-19', 'Logged In', '2023-01-25 15:51:55'),
(272, 1, 239, 'Alphonsus Jacob L.  ', 'PANTOJAN', 'JHS 8 Honesty', 'Grade 8', 'Honesty', '08:19:00', '2023-January-19', 'Logged Out', '2023-01-25 15:51:55'),
(273, 1, 235, 'Lorett Jorgecarl N.  ', 'FERRANDO', 'JHS 8 Honesty', 'Grade 8', 'Honesty', '08:19:04', '2023-January-19', 'Logged In', '2023-01-25 15:51:55'),
(274, 1, 238, 'Danielle James G.  ', 'PADIOS', 'JHS 8 Honesty', 'Grade 8', 'Honesty', '08:19:08', '2023-January-19', 'Logged Out', '2023-01-25 15:51:55'),
(275, 1, 234, 'Kimiko Reign G.  ', 'CUENCIA', 'JHS 8 Honesty', 'Grade 8', 'Honesty', '08:19:20', '2023-January-19', 'Logged In', '2023-01-25 15:51:55'),
(276, 1, 237, 'Krischnan Stefanos B.  ', 'ONG', 'JHS 8 Honesty', 'Grade 8', 'Honesty', '08:19:26', '2023-January-19', 'Logged Out', '2023-01-25 15:51:55'),
(277, 1, 232, 'Gabriel C.  ', 'CALCEс', 'JHS 8 Honesty', 'Grade 8', 'Honesty', '08:19:34', '2023-January-19', 'Logged In', '2023-01-25 15:51:55'),
(278, 1, 236, 'Khryle Eugene A.  ', 'JOVEN', 'JHS 8 Honesty', 'Grade 8', 'Honesty', '08:19:59', '2023-January-19', 'Logged In', '2023-01-25 15:51:55'),
(279, 1, 233, 'Vince Rey Joaquin A.  ', 'BUENO', 'JHS 8 Honesty', 'Grade 8', 'Honesty', '08:20:02', '2023-January-19', 'Logged In', '2023-01-25 15:51:55'),
(280, 1, 231, 'Kahlil Paulo B.  ', 'BUEN', 'JHS 8 Honesty', 'Grade 8', 'Honesty', '08:20:05', '2023-January-19', 'Logged In', '2023-01-25 15:51:55'),
(281, 1, 230, 'Ethan S.  ', 'BELDIA', 'JHS 8 Honesty', 'Grade 8', 'Honesty', '08:20:09', '2023-January-19', 'Logged Out', '2023-01-25 15:51:55'),
(282, 1, 280, 'Anjelica Kaitlyn E.  ', 'DOBLES', 'JHS 8 Hope', 'Grade 8', 'Hope', '08:21:49', '2023-January-19', 'Logged In', '2023-01-25 15:51:55'),
(283, 1, 293, 'Bai Jazira Jamirie M.  ', 'RASUMAN', 'JHS 8 Hope', 'Grade 8', 'Hope', '08:21:59', '2023-January-19', 'Logged In', '2023-01-25 15:51:55'),
(284, 1, 281, 'Samantha Charbel Y.  ', 'DUPA', 'JHS 8 Hope', 'Grade 8', 'Hope', '08:22:05', '2023-January-19', 'Logged In', '2023-01-25 15:51:55'),
(285, 1, 274, 'John Mark B.  ', 'UY', 'JHS 8 Hope', 'Grade 8', 'Hope', '08:22:12', '2023-January-19', 'Logged In', '2023-01-25 15:51:55'),
(286, 1, 243, 'Alexander Reiner S.  ', 'UY', 'JHS 8 Honesty', 'Grade 8', 'Honesty', '08:22:30', '2023-January-19', 'Logged In', '2023-01-25 15:51:55'),
(287, 1, 231, 'Kahlil Paulo B.  ', 'BUEN', 'JHS 8 Honesty', 'Grade 8', 'Honesty', '08:22:34', '2023-January-19', 'Logged Out', '2023-01-25 15:51:55'),
(288, 1, 236, 'Khryle Eugene A.  ', 'JOVEN', 'JHS 8 Honesty', 'Grade 8', 'Honesty', '08:22:39', '2023-January-19', 'Logged Out', '2023-01-25 15:51:55'),
(289, 1, 233, 'Vince Rey Joaquin A.  ', 'BUENO', 'JHS 8 Honesty', 'Grade 8', 'Honesty', '08:22:44', '2023-January-19', 'Logged Out', '2023-01-25 15:51:55'),
(290, 1, 234, 'Kimiko Reign G.  ', 'CUENCIA', 'JHS 8 Honesty', 'Grade 8', 'Honesty', '08:22:47', '2023-January-19', 'Logged Out', '2023-01-25 15:51:55'),
(291, 1, 238, 'Danielle James G.  ', 'PADIOS', 'JHS 8 Honesty', 'Grade 8', 'Honesty', '08:22:55', '2023-January-19', 'Logged In', '2023-01-25 15:51:55'),
(292, 1, 232, 'Gabriel C.  ', 'CALCEс', 'JHS 8 Honesty', 'Grade 8', 'Honesty', '08:23:05', '2023-January-19', 'Logged Out', '2023-01-25 15:51:55'),
(293, 1, 235, 'Lorett Jorgecarl N.  ', 'FERRANDO', 'JHS 8 Honesty', 'Grade 8', 'Honesty', '08:23:11', '2023-January-19', 'Logged Out', '2023-01-25 15:51:55'),
(294, 1, 239, 'Alphonsus Jacob L.  ', 'PANTOJAN', 'JHS 8 Honesty', 'Grade 8', 'Honesty', '08:23:19', '2023-January-19', 'Logged In', '2023-01-25 15:51:55'),
(295, 1, 242, 'Jeremiah Jorge R.  ', 'TORIBIO', 'JHS 8 Honesty', 'Grade 8', 'Honesty', '08:23:35', '2023-January-19', 'Logged Out', '2023-01-25 15:51:55'),
(296, 1, 241, 'Reggae Kian A.  ', 'SINFUEGO', 'JHS 8 Honesty', 'Grade 8', 'Honesty', '08:23:44', '2023-January-19', 'Logged Out', '2023-01-25 15:51:55'),
(297, 1, 243, 'Alexander Reiner S.  ', 'UY', 'JHS 8 Honesty', 'Grade 8', 'Honesty', '08:23:51', '2023-January-19', 'Logged Out', '2023-01-25 15:51:55'),
(298, 1, 238, 'Danielle James G.  ', 'PADIOS', 'JHS 8 Honesty', 'Grade 8', 'Honesty', '08:24:01', '2023-January-19', 'Logged Out', '2023-01-25 15:51:55'),
(299, 1, 239, 'Alphonsus Jacob L.  ', 'PANTOJAN', 'JHS 8 Honesty', 'Grade 8', 'Honesty', '08:24:34', '2023-January-19', 'Logged Out', '2023-01-25 15:51:55'),
(300, 1, 238, 'Danielle James G.  ', 'PADIOS', 'JHS 8 Honesty', 'Grade 8', 'Honesty', '08:35:54', '2023-January-19', 'Logged In', '2023-01-25 15:51:55'),
(301, 1, 231, 'Kahlil Paulo B.  ', 'BUEN', 'JHS 8 Honesty', 'Grade 8', 'Honesty', '08:36:13', '2023-January-19', 'Logged In', '2023-01-25 15:51:55'),
(302, 1, 237, 'Krischnan Stefanos B.  ', 'ONG', 'JHS 8 Honesty', 'Grade 8', 'Honesty', '08:36:54', '2023-January-19', 'Logged In', '2023-01-25 15:51:55'),
(303, 1, 244, 'Janne Alexandria L.  ', 'ANG', 'JHS 8 Honesty', 'Grade 8', 'Honesty', '08:37:20', '2023-January-19', 'Logged In', '2023-01-25 15:51:55'),
(304, 1, 245, 'Princess Rheanna May E.  ', 'ANTIPUESTO', 'JHS 8 Honesty', 'Grade 8', 'Honesty', '08:37:47', '2023-January-19', 'Logged In', '2023-01-25 15:51:55'),
(305, 1, 255, 'Ricci Aliana Q.  ', 'MENDEZ', 'JHS 8 Honesty', 'Grade 8', 'Honesty', '08:39:22', '2023-January-19', 'Logged Out', '2023-01-25 15:51:55'),
(306, 1, 231, 'Kahlil Paulo B.  ', 'BUEN', 'JHS 8 Honesty', 'Grade 8', 'Honesty', '08:44:07', '2023-January-19', 'Logged Out', '2023-01-25 15:51:55'),
(307, 1, 238, 'Danielle James G.  ', 'PADIOS', 'JHS 8 Honesty', 'Grade 8', 'Honesty', '08:44:22', '2023-January-19', 'Logged Out', '2023-01-25 15:51:55'),
(308, 1, 293, 'Bai Jazira Jamirie M.  ', 'RASUMAN', 'JHS 8 Hope', 'Grade 8', 'Hope', '08:44:36', '2023-January-19', 'Logged Out', '2023-01-25 15:51:55'),
(309, 1, 237, 'Krischnan Stefanos B.  ', 'ONG', 'JHS 8 Honesty', 'Grade 8', 'Honesty', '08:44:43', '2023-January-19', 'Logged Out', '2023-01-25 15:51:55'),
(310, 1, 281, 'Samantha Charbel Y.  ', 'DUPA', 'JHS 8 Hope', 'Grade 8', 'Hope', '08:44:47', '2023-January-19', 'Logged Out', '2023-01-25 15:51:55'),
(311, 1, 274, 'John Mark B.  ', 'UY', 'JHS 8 Hope', 'Grade 8', 'Hope', '08:44:56', '2023-January-19', 'Logged Out', '2023-01-25 15:51:55'),
(312, 1, 244, 'Janne Alexandria L.  ', 'ANG', 'JHS 8 Honesty', 'Grade 8', 'Honesty', '08:48:44', '2023-January-19', 'Logged Out', '2023-01-25 15:51:55'),
(313, 1, 245, 'Princess Rheanna May E.  ', 'ANTIPUESTO', 'JHS 8 Honesty', 'Grade 8', 'Honesty', '08:49:01', '2023-January-19', 'Logged Out', '2023-01-25 15:51:55'),
(314, 1, 261, 'Acel Carl I.  ', 'REYES', 'JHS 8 Honesty', 'Grade 8', 'Honesty', '08:49:12', '2023-January-19', 'Logged In', '2023-01-25 15:51:55'),
(315, 1, 280, 'Anjelica Kaitlyn E.  ', 'DOBLES', 'JHS 8 Hope', 'Grade 8', 'Hope', '09:01:03', '2023-January-19', 'Logged Out', '2023-01-25 15:51:55'),
(316, 1, 211, 'Jean Keira J.  ', 'CALIMUTAN', 'JHS 8 Generosity', 'Grade 8', 'Generosity', '09:09:34', '2023-January-19', 'Logged In', '2023-01-25 15:51:55'),
(317, 1, 169, 'Jansen Kaye C.  *', 'CASTAсRES', 'JHS 7 Fortitude', 'Grade 7', 'Fortitude', '09:30:53', '2023-January-19', 'Logged In', '2023-01-25 15:51:55'),
(318, 1, 628, 'Ioan Vincent B.  ', 'YU', 'JHS 10 Piety', 'Grade 10', 'Piety', '09:31:27', '2023-January-19', 'Logged Out', '2023-01-25 15:51:55'),
(319, 1, 615, 'King Anthony I.  ', 'ESTEBAN', 'JHS 10 Piety', 'Grade 10', 'Piety', '09:31:46', '2023-January-19', 'Logged In', '2023-01-25 15:51:55'),
(320, 1, 226, 'Samantha Euna K.  ', 'SU', 'JHS 8 Generosity', 'Grade 8', 'Generosity', '09:33:25', '2023-January-19', 'Logged In', '2023-01-25 15:51:55'),
(321, 1, 500, 'Navjot   ', 'SINGH', 'JHS 9 Modesty', 'Grade 9', 'Modesty', '09:34:57', '2023-January-19', 'Logged In', '2023-01-25 15:51:55'),
(322, 1, 504, 'John Patrick P.  ', 'YAP', 'JHS 9 Modesty', 'Grade 9', 'Modesty', '09:35:18', '2023-January-19', 'Logged Out', '2023-01-25 15:51:55'),
(323, 1, 190, 'Samantha Sabina M.  ', 'MEJORADA', 'JHS 7 Fortitude', 'Grade 7', 'Fortitude', '09:35:52', '2023-January-19', 'Logged In', '2023-01-25 15:51:55'),
(324, 1, 508, 'Christiana Blessa T.  ', 'BINGIL', 'JHS 9 Modesty', 'Grade 9', 'Modesty', '09:36:17', '2023-January-19', 'Logged In', '2023-01-25 15:51:55'),
(325, 1, 453, 'Reighn Nicolai P.  ', 'ESTRADA', 'JHS 9 Loyalty', 'Grade 9', 'Loyalty', '09:38:55', '2023-January-19', 'Logged In', '2023-01-25 15:51:55'),
(326, 1, 460, 'Jon Anthony D.  ', 'NOVENO', 'JHS 9 Loyalty', 'Grade 9', 'Loyalty', '09:39:00', '2023-January-19', 'Logged Out', '2023-01-25 15:51:55'),
(327, 1, 398, 'Julia Margarita S.  ', 'PADILLA', 'JHS 9 Joy', 'Grade 9', 'Joy', '09:39:07', '2023-January-19', 'Logged Out', '2023-01-25 15:51:55'),
(328, 1, 395, 'Samantha Rey C.  ', 'LARUTIN', 'JHS 9 Joy', 'Grade 9', 'Joy', '09:39:10', '2023-January-19', 'Logged Out', '2023-01-25 15:51:55'),
(329, 1, 392, 'Helaena G.  ', 'ESTEMAR', 'JHS 9 Joy', 'Grade 9', 'Joy', '09:39:12', '2023-January-19', 'Logged Out', '2023-01-25 15:51:55'),
(330, 1, 169, 'Jansen Kaye C.  *', 'CASTAсRES', 'JHS 7 Fortitude', 'Grade 7', 'Fortitude', '09:39:30', '2023-January-19', 'Logged Out', '2023-01-25 15:51:55'),
(331, 1, 486, 'Clark Ivan G.  ', 'BENTULAN', 'JHS 9 Modesty', 'Grade 9', 'Modesty', '09:41:02', '2023-January-19', 'Logged In', '2023-01-25 15:51:55'),
(332, 1, 446, 'Mathew John S.  ', 'ABADIA', 'JHS 9 Loyalty', 'Grade 9', 'Loyalty', '09:41:03', '2023-January-19', 'Logged In', '2023-01-25 15:51:55'),
(333, 1, 493, 'George C.  ', 'GASCO', 'JHS 9 Modesty', 'Grade 9', 'Modesty', '09:41:07', '2023-January-19', 'Logged Out', '2023-01-25 15:51:55'),
(334, 1, 499, 'Jaskaran   ', 'SINGH', 'JHS 9 Modesty', 'Grade 9', 'Modesty', '09:41:18', '2023-January-19', 'Logged Out', '2023-01-25 15:51:55'),
(335, 1, 388, 'Rianne Leigh L.  ', 'DACAY', 'JHS 9 Joy', 'Grade 9', 'Joy', '09:41:26', '2023-January-19', 'Logged Out', '2023-01-25 15:51:55'),
(336, 1, 404, 'Denise Beatrice C.  ', 'SICCIO', 'JHS 9 Joy', 'Grade 9', 'Joy', '09:41:36', '2023-January-19', 'Logged Out', '2023-01-25 15:51:55'),
(337, 1, 400, 'Venice Marie B.  ', 'QUIÑON', 'JHS 9 Joy', 'Grade 9', 'Joy', '09:41:37', '2023-January-19', 'Logged Out', '2023-01-25 15:51:55'),
(338, 1, 166, 'Kenneth V.  ', 'BASAxS', 'JHS 7 Fortitude', 'Grade 7', 'Fortitude', '09:41:44', '2023-January-19', 'Logged In', '2023-01-25 15:51:55'),
(339, 1, 402, 'Treskiah C.  ', 'ROSACAY', 'JHS 9 Joy', 'Grade 9', 'Joy', '09:41:51', '2023-January-19', 'Logged In', '2023-01-25 15:51:55'),
(340, 1, 296, 'Raven Gabryll Mae T.  ', 'YU', 'JHS 8 Hope', 'Grade 8', 'Hope', '09:41:57', '2023-January-19', 'Logged In', '2023-01-25 15:51:55'),
(341, 1, 393, 'Alijhana Faith P.  ', 'ESTIBAR', 'JHS 9 Joy', 'Grade 9', 'Joy', '09:42:08', '2023-January-19', 'Logged Out', '2023-01-25 15:51:55'),
(342, 1, 403, 'Stellar N.  ', 'SALES', 'JHS 9 Joy', 'Grade 9', 'Joy', '09:42:11', '2023-January-19', 'Logged Out', '2023-01-25 15:51:55'),
(343, 1, 508, 'Christiana Blessa T.  ', 'BINGIL', 'JHS 9 Modesty', 'Grade 9', 'Modesty', '09:42:52', '2023-January-19', 'Logged Out', '2023-01-25 15:51:55'),
(344, 1, 386, 'Anna Martina C.  ', 'AQUIATAN', 'JHS 9 Joy', 'Grade 9', 'Joy', '09:43:07', '2023-January-19', 'Logged In', '2023-01-25 15:51:55'),
(345, 1, 518, 'Rome Ysabelle A.  ', 'JERMIA', 'JHS 9 Modesty', 'Grade 9', 'Modesty', '09:43:08', '2023-January-19', 'Logged In', '2023-01-25 15:51:55'),
(346, 1, 166, 'Kenneth V.  ', 'BASAxS', 'JHS 7 Fortitude', 'Grade 7', 'Fortitude', '09:45:56', '2023-January-19', 'Logged Out', '2023-01-25 15:51:55'),
(347, 1, 199, 'Zeus Raphael L.  ', 'AMIGABLE', 'JHS 8 Generosity', 'Grade 8', 'Generosity', '10:07:31', '2023-January-19', 'Logged Out', '2023-01-25 15:51:55'),
(348, 1, 198, 'Alfonso J.  ', 'ALEJANDRO', 'JHS 8 Generosity', 'Grade 8', 'Generosity', '10:07:42', '2023-January-19', 'Logged Out', '2023-01-25 15:51:55'),
(349, 1, 202, 'Paolo Gabriel H.  ', 'CARBONELL', 'JHS 8 Generosity', 'Grade 8', 'Generosity', '10:07:52', '2023-January-19', 'Logged In', '2023-01-25 15:51:55'),
(350, 1, 221, 'Nayomi F.  ', 'PATE', 'JHS 8 Generosity', 'Grade 8', 'Generosity', '10:07:57', '2023-January-19', 'Logged In', '2023-01-25 15:51:55'),
(351, 1, 219, 'Audree Gael E.  ', 'MILAN', 'JHS 8 Generosity', 'Grade 8', 'Generosity', '10:11:34', '2023-January-19', 'Logged In', '2023-01-25 15:51:55'),
(352, 1, 210, 'Shyanne Camryn C.  ', 'BULAWAN', 'JHS 8 Generosity', 'Grade 8', 'Generosity', '10:12:02', '2023-January-19', 'Logged In', '2023-01-25 15:51:55'),
(353, 1, 217, 'Robyn Elise C.  ', 'GO', 'JHS 8 Generosity', 'Grade 8', 'Generosity', '10:12:18', '2023-January-19', 'Logged In', '2023-01-25 15:51:55'),
(354, 1, 214, 'Jaira Loise Nicole F.  *', 'DENQUE', 'JHS 8 Generosity', 'Grade 8', 'Generosity', '10:12:31', '2023-January-19', 'Logged In', '2023-01-25 15:51:55'),
(355, 1, 220, 'Christina Ryzella Mae A.  ', 'MOLINA', 'JHS 8 Generosity', 'Grade 8', 'Generosity', '10:12:39', '2023-January-19', 'Logged In', '2023-01-25 15:51:55'),
(356, 1, 222, 'Paulette Jesu C.  ', 'PATRICIO', 'JHS 8 Generosity', 'Grade 8', 'Generosity', '10:12:42', '2023-January-19', 'Logged In', '2023-01-25 15:51:55'),
(357, 1, 226, 'Samantha Euna K.  ', 'SU', 'JHS 8 Generosity', 'Grade 8', 'Generosity', '10:12:46', '2023-January-19', 'Logged Out', '2023-01-25 15:51:55'),
(358, 1, 207, 'Kai Zen B.  ', 'RAMOS', 'JHS 8 Generosity', 'Grade 8', 'Generosity', '10:12:55', '2023-January-19', 'Logged In', '2023-01-25 15:51:55'),
(359, 1, 224, 'Kenna Avery A.  ', 'QUIAMBAO', 'JHS 8 Generosity', 'Grade 8', 'Generosity', '10:13:28', '2023-January-19', 'Logged In', '2023-01-25 15:51:55'),
(360, 1, 228, 'Kaely Artasha T.  ', 'UY', 'JHS 8 Generosity', 'Grade 8', 'Generosity', '10:13:36', '2023-January-19', 'Logged In', '2023-01-25 15:51:55'),
(361, 1, 223, 'Sophia Riza G.  ', 'PONTANOS', 'JHS 8 Generosity', 'Grade 8', 'Generosity', '10:13:43', '2023-January-19', 'Logged In', '2023-01-25 15:51:55'),
(362, 1, 229, 'Louisse Margaret R.  ', 'VERALLO', 'JHS 8 Generosity', 'Grade 8', 'Generosity', '10:13:48', '2023-January-19', 'Logged In', '2023-01-25 15:51:55'),
(363, 1, 227, 'Lexine Rheis L.  ', 'TAO', 'JHS 8 Generosity', 'Grade 8', 'Generosity', '10:14:35', '2023-January-19', 'Logged In', '2023-01-25 15:51:55'),
(364, 1, 206, 'Zachary E.  ', 'PAGUE', 'JHS 8 Generosity', 'Grade 8', 'Generosity', '10:14:40', '2023-January-19', 'Logged In', '2023-01-25 15:51:55'),
(365, 1, 212, 'Princez Hermie G.  ', 'CANTUBA', 'JHS 8 Generosity', 'Grade 8', 'Generosity', '10:14:52', '2023-January-19', 'Logged In', '2023-01-25 15:51:55'),
(366, 1, 218, 'Chloe Domhel P.  ', 'LAROGA', 'JHS 8 Generosity', 'Grade 8', 'Generosity', '10:15:17', '2023-January-19', 'Logged In', '2023-01-25 15:51:55'),
(367, 1, 216, 'Yliana Beatriz A.  ', 'GEMENTIZA', 'JHS 7 Fortitude', 'Grade 7', 'Fortitude', '10:15:23', '2023-January-19', 'Logged In', '2023-01-25 15:51:55'),
(368, 1, 215, 'Therese Isabella G.  ', 'DESTRIZA', 'JHS 8 Generosity', 'Grade 8', 'Generosity', '10:15:27', '2023-January-19', 'Logged In', '2023-01-25 15:51:55'),
(369, 1, 213, 'Patricia Jade L.  ', 'CASTILLO', 'JHS 8 Generosity', 'Grade 8', 'Generosity', '10:17:02', '2023-January-19', 'Logged In', '2023-01-25 15:51:55'),
(370, 1, 211, 'Jean Keira J.  ', 'CALIMUTAN', 'JHS 8 Generosity', 'Grade 8', 'Generosity', '10:17:05', '2023-January-19', 'Logged Out', '2023-01-25 15:51:55'),
(371, 1, 209, 'Lady Jewel G.  *', 'AGDUMA', 'JHS 8 Generosity', 'Grade 8', 'Generosity', '10:17:09', '2023-January-19', 'Logged In', '2023-01-25 15:51:55'),
(372, 1, 208, 'Rhyme Kurbee A.  ', 'SINFUEGO', 'JHS 8 Generosity', 'Grade 8', 'Generosity', '10:17:13', '2023-January-19', 'Logged In', '2023-01-25 15:51:55'),
(373, 1, 205, 'Jian Carlo H.  ', 'DULOS', 'JHS 8 Generosity', 'Grade 8', 'Generosity', '10:17:16', '2023-January-19', 'Logged In', '2023-01-25 15:51:55'),
(374, 1, 203, 'Joaquin Miguel Jude P.  ', 'DE CASTRO', 'JHS 8 Generosity', 'Grade 8', 'Generosity', '10:17:20', '2023-January-19', 'Logged In', '2023-01-25 15:51:55'),
(375, 1, 204, 'Marvin Dominic A.  ', 'DEL ROSARIO', 'JHS 8 Generosity', 'Grade 8', 'Generosity', '10:17:24', '2023-January-19', 'Logged In', '2023-01-25 15:51:55'),
(376, 1, 201, 'Aldrine Vryce H.  ', 'CABALUNA', 'JHS 8 Generosity', 'Grade 8', 'Generosity', '10:17:28', '2023-January-19', 'Logged In', '2023-01-25 15:51:55'),
(377, 1, 200, 'Louis Emmanuel L.  ', 'BUHIAN', 'JHS 8 Generosity', 'Grade 8', 'Generosity', '10:17:37', '2023-January-19', 'Logged In', '2023-01-25 15:51:55'),
(378, 1, 227, 'Lexine Rheis L.  ', 'TAO', 'JHS 8 Generosity', 'Grade 8', 'Generosity', '10:17:45', '2023-January-19', 'Logged Out', '2023-01-25 15:51:55'),
(379, 1, 229, 'Louisse Margaret R.  ', 'VERALLO', 'JHS 8 Generosity', 'Grade 8', 'Generosity', '10:17:50', '2023-January-19', 'Logged Out', '2023-01-25 15:51:55'),
(380, 1, 223, 'Sophia Riza G.  ', 'PONTANOS', 'JHS 8 Generosity', 'Grade 8', 'Generosity', '10:17:56', '2023-January-19', 'Logged Out', '2023-01-25 15:51:55'),
(381, 1, 228, 'Kaely Artasha T.  ', 'UY', 'JHS 8 Generosity', 'Grade 8', 'Generosity', '10:18:00', '2023-January-19', 'Logged Out', '2023-01-25 15:51:55'),
(382, 1, 224, 'Kenna Avery A.  ', 'QUIAMBAO', 'JHS 8 Generosity', 'Grade 8', 'Generosity', '10:18:04', '2023-January-19', 'Logged Out', '2023-01-25 15:51:55'),
(383, 1, 199, 'Zeus Raphael L.  ', 'AMIGABLE', 'JHS 8 Generosity', 'Grade 8', 'Generosity', '10:18:11', '2023-January-19', 'Logged In', '2023-01-25 15:51:55'),
(384, 1, 198, 'Alfonso J.  ', 'ALEJANDRO', 'JHS 8 Generosity', 'Grade 8', 'Generosity', '10:18:19', '2023-January-19', 'Logged In', '2023-01-25 15:51:55'),
(385, 1, 202, 'Paolo Gabriel H.  ', 'CARBONELL', 'JHS 8 Generosity', 'Grade 8', 'Generosity', '10:18:25', '2023-January-19', 'Logged Out', '2023-01-25 15:51:55'),
(386, 1, 221, 'Nayomi F.  ', 'PATE', 'JHS 8 Generosity', 'Grade 8', 'Generosity', '10:18:29', '2023-January-19', 'Logged Out', '2023-01-25 15:51:55'),
(387, 1, 219, 'Audree Gael E.  ', 'MILAN', 'JHS 8 Generosity', 'Grade 8', 'Generosity', '10:18:32', '2023-January-19', 'Logged Out', '2023-01-25 15:51:55'),
(388, 1, 210, 'Shyanne Camryn C.  ', 'BULAWAN', 'JHS 8 Generosity', 'Grade 8', 'Generosity', '10:18:51', '2023-January-19', 'Logged Out', '2023-01-25 15:51:55'),
(389, 1, 214, 'Jaira Loise Nicole F.  *', 'DENQUE', 'JHS 8 Generosity', 'Grade 8', 'Generosity', '10:18:57', '2023-January-19', 'Logged Out', '2023-01-25 15:51:55'),
(390, 1, 220, 'Christina Ryzella Mae A.  ', 'MOLINA', 'JHS 8 Generosity', 'Grade 8', 'Generosity', '10:19:03', '2023-January-19', 'Logged Out', '2023-01-25 15:51:55'),
(391, 1, 217, 'Robyn Elise C.  ', 'GO', 'JHS 8 Generosity', 'Grade 8', 'Generosity', '10:19:06', '2023-January-19', 'Logged Out', '2023-01-25 15:51:55'),
(392, 1, 207, 'Kai Zen B.  ', 'RAMOS', 'JHS 8 Generosity', 'Grade 8', 'Generosity', '10:19:24', '2023-January-19', 'Logged Out', '2023-01-25 15:51:55'),
(393, 1, 226, 'Samantha Euna K.  ', 'SU', 'JHS 8 Generosity', 'Grade 8', 'Generosity', '10:19:27', '2023-January-19', 'Logged In', '2023-01-25 15:51:55'),
(394, 1, 222, 'Paulette Jesu C.  ', 'PATRICIO', 'JHS 8 Generosity', 'Grade 8', 'Generosity', '10:19:30', '2023-January-19', 'Logged Out', '2023-01-25 15:51:55'),
(395, 1, 200, 'Louis Emmanuel L.  ', 'BUHIAN', 'JHS 8 Generosity', 'Grade 8', 'Generosity', '10:19:33', '2023-January-19', 'Logged Out', '2023-01-25 15:51:55'),
(396, 1, 201, 'Aldrine Vryce H.  ', 'CABALUNA', 'JHS 8 Generosity', 'Grade 8', 'Generosity', '10:19:35', '2023-January-19', 'Logged Out', '2023-01-25 15:51:55'),
(397, 1, 204, 'Marvin Dominic A.  ', 'DEL ROSARIO', 'JHS 8 Generosity', 'Grade 8', 'Generosity', '10:19:38', '2023-January-19', 'Logged Out', '2023-01-25 15:51:55'),
(398, 1, 203, 'Joaquin Miguel Jude P.  ', 'DE CASTRO', 'JHS 8 Generosity', 'Grade 8', 'Generosity', '10:19:40', '2023-January-19', 'Logged Out', '2023-01-25 15:51:55'),
(399, 1, 205, 'Jian Carlo H.  ', 'DULOS', 'JHS 8 Generosity', 'Grade 8', 'Generosity', '10:19:42', '2023-January-19', 'Logged Out', '2023-01-25 15:51:55'),
(400, 1, 208, 'Rhyme Kurbee A.  ', 'SINFUEGO', 'JHS 8 Generosity', 'Grade 8', 'Generosity', '10:19:44', '2023-January-19', 'Logged Out', '2023-01-25 15:51:55'),
(401, 1, 209, 'Lady Jewel G.  *', 'AGDUMA', 'JHS 8 Generosity', 'Grade 8', 'Generosity', '10:19:46', '2023-January-19', 'Logged Out', '2023-01-25 15:51:55'),
(402, 1, 211, 'Jean Keira J.  ', 'CALIMUTAN', 'JHS 8 Generosity', 'Grade 8', 'Generosity', '10:19:50', '2023-January-19', 'Logged In', '2023-01-25 15:51:55'),
(403, 1, 213, 'Patricia Jade L.  ', 'CASTILLO', 'JHS 8 Generosity', 'Grade 8', 'Generosity', '10:19:58', '2023-January-19', 'Logged Out', '2023-01-25 15:51:55'),
(404, 1, 215, 'Therese Isabella G.  ', 'DESTRIZA', 'JHS 8 Generosity', 'Grade 8', 'Generosity', '10:20:03', '2023-January-19', 'Logged Out', '2023-01-25 15:51:55'),
(405, 1, 216, 'Yliana Beatriz A.  ', 'GEMENTIZA', 'JHS 7 Fortitude', 'Grade 7', 'Fortitude', '10:20:07', '2023-January-19', 'Logged Out', '2023-01-25 15:51:55'),
(406, 1, 218, 'Chloe Domhel P.  ', 'LAROGA', 'JHS 8 Generosity', 'Grade 8', 'Generosity', '10:20:09', '2023-January-19', 'Logged Out', '2023-01-25 15:51:55'),
(407, 1, 212, 'Princez Hermie G.  ', 'CANTUBA', 'JHS 8 Generosity', 'Grade 8', 'Generosity', '10:20:11', '2023-January-19', 'Logged Out', '2023-01-25 15:51:55'),
(408, 1, 206, 'Zachary E.  ', 'PAGUE', 'JHS 8 Generosity', 'Grade 8', 'Generosity', '10:20:14', '2023-January-19', 'Logged Out', '2023-01-25 15:51:55'),
(409, 1, 92, 'Miguel Armando Z.  	', 'CHAVEZ', 'JHS 7 Chastity', 'Grade 7', 'Chastity', '11:08:36', '2023-January-19', 'Logged In', '2023-01-25 15:51:55'),
(410, 1, 97, 'Gael Aurelius V.  	', 'ABAO', 'JHS 7 Chastity', 'Grade 7', 'Chastity', '11:08:50', '2023-January-19', 'Logged In', '2023-01-25 15:51:55'),
(411, 1, 96, 'Zildjian Gabriel A.  	', 'AсNA', 'JHS 7 Chastity', 'Grade 7', 'Chastity', '11:08:57', '2023-January-19', 'Logged In', '2023-01-25 15:51:55'),
(412, 1, 95, 'Jacob Sebastian A.  	', 'BUENO', 'JHS 7 Courage', 'Grade 7', 'Courage', '11:09:06', '2023-January-19', 'Logged In', '2023-01-25 15:51:55'),
(413, 1, 94, 'Yuan Emmanuel Xven M.  *	', 'CABALIDA', 'JHS 7 Chastity', 'Grade 7', 'Chastity', '11:09:17', '2023-January-19', 'Logged In', '2023-01-25 15:51:55'),
(414, 1, 93, 'Christopher Lloyd P.  	', 'CATAN', 'JHS 7 Chastity', 'Grade 7', 'Chastity', '11:09:21', '2023-January-19', 'Logged In', '2023-01-25 15:51:55'),
(415, 1, 84, 'Francis Leonelli I.  	', 'TOROLLO', 'JHS 7 Chastity', 'Grade 7', 'Chastity', '11:16:11', '2023-January-19', 'Logged In', '2023-01-25 15:51:55'),
(416, 1, 155, 'Karla Marie G.  	', 'FRANCO', 'JHS 7 Faith', 'Grade 7', 'Faith', '03:22:59', '2023-January-20', 'Logged In', '2023-01-25 15:51:55'),
(417, 1, 134, 'Josiah Liam G.  	', 'BANTIDING', 'JHS 7 Faith', 'Grade 7', 'Faith', '03:22:59', '2023-January-20', 'Logged In', '2023-01-25 15:51:55'),
(418, 1, 135, 'Matteo Jose O.  	', 'CANOPEN', 'JHS 7 Faith', 'Grade 7', 'Faith', '03:23:03', '2023-January-20', 'Logged In', '2023-01-25 15:51:55'),
(419, 1, 136, 'Sebastian Jay D.  	', 'ESGUERAN', 'JHS 7 Faith', 'Grade 7', 'Faith', '03:23:59', '2023-January-20', 'Logged In', '2023-01-25 15:51:55'),
(420, 1, 138, 'Christian Matthew P.  	', 'MOBE', 'JHS 7 Faith', 'Grade 7', 'Faith', '03:24:03', '2023-January-20', 'Logged In', '2023-01-25 15:51:55'),
(421, 1, 139, 'John Rhaiver J.  	', 'MONTECALVO', 'JHS 7 Faith', 'Grade 7', 'Faith', '03:24:03', '2023-January-20', 'Logged In', '2023-01-25 15:51:55'),
(422, 1, 177, 'Noah Sebastian A.  ', 'ONG', 'JHS 7 Fortitude', 'Grade 7', 'Fortitude', '03:24:07', '2023-January-20', 'Logged In', '2023-01-25 15:51:55'),
(423, 1, 176, 'Raizen Kreakzeus P.  *', 'OLIVER', 'JHS 7 Fortitude', 'Grade 7', 'Fortitude', '03:24:08', '2023-January-20', 'Logged In', '2023-01-25 15:51:55'),
(424, 1, 528, 'Judfred Ruby C.  ', 'CARDINAS', 'JHS 10 Patience', 'Grade 10', 'Patience', '03:24:09', '2023-January-20', 'Logged In', '2023-01-25 15:51:55'),
(425, 1, 583, 'Jian Carlo L.  ', 'TORRES', 'JHS 10 Peace', 'Grade 10', 'Peace', '03:24:24', '2023-January-20', 'Logged In', '2023-01-25 15:51:55'),
(426, 1, 584, 'Andrei Matthew A.  ', 'UY', 'JHS 10 Peace', 'Grade 10', 'Peace', '03:24:25', '2023-January-20', 'Logged In', '2023-01-25 15:51:55'),
(427, 1, 610, 'Reisson Gabriel M.  ', 'CAMUS', 'JHS 10 Piety', 'Grade 10', 'Piety', '03:24:29', '2023-January-20', 'Logged In', '2023-01-25 15:51:55'),
(428, 1, 611, 'Erl Rocas B.  ', 'COLALJO', 'JHS 10 Piety', 'Grade 10', 'Piety', '03:24:30', '2023-January-20', 'Logged In', '2023-01-25 15:51:55'),
(429, 1, 163, 'Julia Alexandra T.  	', 'TAN', 'JHS 7 Faith', 'Grade 7', 'Faith', '03:26:52', '2023-January-20', 'Logged Out', '2023-01-25 15:51:55'),
(430, 1, 187, 'Yasshlee Daniella L.  ', 'HAO', 'JHS 7 Fortitude', 'Grade 7', 'Fortitude', '03:26:53', '2023-January-20', 'Logged In', '2023-01-25 15:51:55'),
(431, 1, 194, 'Anikka Ellyse F.  ', 'VERANO', 'JHS 7 Fortitude', 'Grade 7', 'Fortitude', '03:26:55', '2023-January-20', 'Logged In', '2023-01-25 15:51:55'),
(432, 1, 164, 'Ma. Ellaiza A.  	', 'TOLEDO', 'JHS 7 Faith', 'Grade 7', 'Faith', '03:26:56', '2023-January-20', 'Logged In', '2023-01-25 15:51:55'),
(433, 1, 162, 'Yvaine Angeli G.  *	', 'SIMBAJON', 'JHS 7 Faith', 'Grade 7', 'Faith', '03:27:04', '2023-January-20', 'Logged In', '2023-01-25 15:51:55'),
(434, 1, 153, 'Angel Janine C.  	', 'DELIZO', 'JHS 7 Faith', 'Grade 7', 'Faith', '03:27:20', '2023-January-20', 'Logged In', '2023-01-25 15:51:55'),
(435, 1, 148, 'Anna Sofia M.  	', 'ALBARAN', 'JHS 7 Faith', 'Grade 7', 'Faith', '03:27:20', '2023-January-20', 'Logged In', '2023-01-25 15:51:55'),
(436, 1, 149, 'Shaira Faith G.  	', 'BANDALA', 'JHS 7 Faith', 'Grade 7', 'Faith', '03:27:29', '2023-January-20', 'Logged In', '2023-01-25 15:51:55'),
(437, 1, 150, 'Isabelle Rae D.S.  	', 'BATU', 'JHS 7 Faith', 'Grade 7', 'Faith', '03:27:30', '2023-January-20', 'Logged Out', '2023-01-25 15:51:55'),
(438, 1, 151, 'Johanna Marie V.  	', 'DEL PILAR', 'JHS 7 Faith', 'Grade 7', 'Faith', '03:27:36', '2023-January-20', 'Logged In', '2023-01-25 15:51:55'),
(439, 1, 152, 'Natalie Allaine A.  	', 'DELA CRUZ', 'JHS 7 Faith', 'Grade 7', 'Faith', '03:27:39', '2023-January-20', 'Logged In', '2023-01-25 15:51:55'),
(440, 1, 155, 'Karla Marie G.  	', 'FRANCO', 'JHS 7 Faith', 'Grade 7', 'Faith', '03:28:15', '2023-January-20', 'Logged Out', '2023-01-25 15:51:55'),
(441, 1, 156, 'Jianne Candice N.  	', 'GELBOLINGO', 'JHS 7 Faith', 'Grade 7', 'Faith', '03:28:16', '2023-January-20', 'Logged In', '2023-01-25 15:51:55'),
(442, 1, 157, 'Mickaylee Hazina V.  	', 'JOCSON', 'JHS 7 Faith', 'Grade 7', 'Faith', '03:28:29', '2023-January-20', 'Logged In', '2023-01-25 15:51:55'),
(443, 1, 153, 'Angel Janine C.  	', 'DELIZO', 'JHS 7 Faith', 'Grade 7', 'Faith', '03:28:46', '2023-January-20', 'Logged Out', '2023-01-25 15:51:55'),
(444, 1, 158, 'Kirsten Beatriz L.  	', 'QUEZON', 'JHS 7 Faith', 'Grade 7', 'Faith', '03:28:59', '2023-January-20', 'Logged In', '2023-01-25 15:51:55'),
(445, 1, 159, 'Althea Bernice Y.  	', 'SAJOL', 'JHS 7 Faith', 'Grade 7', 'Faith', '03:29:02', '2023-January-20', 'Logged In', '2023-01-25 15:51:55'),
(446, 1, 182, 'Autumn Mykylla B.  ', 'BARRIZO ', 'JHS 7 Fortitude', 'Grade 7', 'Fortitude', '03:29:14', '2023-January-20', 'Logged In', '2023-01-25 15:51:55'),
(447, 1, 160, 'Izzah Fei A.  *	', 'SANCHEZ', 'JHS 7 Faith', 'Grade 7', 'Faith', '03:29:14', '2023-January-20', 'Logged In', '2023-01-25 15:51:55');
INSERT INTO `attn_tbl` (`id`, `admin_id`, `code_id`, `name`, `lastname`, `level`, `grade_level`, `section`, `time`, `datename`, `status`, `date`) VALUES
(448, 1, 155, 'Karla Marie G.  	', 'FRANCO', 'JHS 7 Faith', 'Grade 7', 'Faith', '03:29:21', '2023-January-20', 'Logged In', '2023-01-25 15:51:55'),
(449, 1, 156, 'Jianne Candice N.  	', 'GELBOLINGO', 'JHS 7 Faith', 'Grade 7', 'Faith', '03:29:22', '2023-January-20', 'Logged Out', '2023-01-25 15:51:55'),
(450, 1, 164, 'Ma. Ellaiza A.  	', 'TOLEDO', 'JHS 7 Faith', 'Grade 7', 'Faith', '03:29:58', '2023-January-20', 'Logged Out', '2023-01-25 15:51:55'),
(451, 1, 163, 'Julia Alexandra T.  	', 'TAN', 'JHS 7 Faith', 'Grade 7', 'Faith', '03:30:01', '2023-January-20', 'Logged In', '2023-01-25 15:51:55'),
(452, 1, 189, 'Camisha Lucil T.  ', 'HORFILLA', 'JHS 7 Fortitude', 'Grade 7', 'Fortitude', '03:30:13', '2023-January-20', 'Logged In', '2023-01-25 15:51:55'),
(453, 1, 162, 'Yvaine Angeli G.  *	', 'SIMBAJON', 'JHS 7 Faith', 'Grade 7', 'Faith', '03:30:19', '2023-January-20', 'Logged Out', '2023-01-25 15:51:55'),
(454, 1, 184, 'Shiley Gwenvere R.  ', 'CANOPEN', 'JHS 7 Fortitude', 'Grade 7', 'Fortitude', '03:30:33', '2023-January-20', 'Logged Out', '2023-01-25 15:51:55'),
(455, 1, 161, 'Xandrea Gab G.  	', 'SANTOS', 'JHS 7 Faith', 'Grade 7', 'Faith', '03:30:34', '2023-January-20', 'Logged In', '2023-01-25 15:51:55'),
(456, 1, 185, 'Cyan Joy Amarah A.  ', 'CARBONELL', 'JHS 7 Fortitude', 'Grade 7', 'Fortitude', '03:30:35', '2023-January-20', 'Logged Out', '2023-01-25 15:51:55'),
(457, 1, 160, 'Izzah Fei A.  *	', 'SANCHEZ', 'JHS 7 Faith', 'Grade 7', 'Faith', '03:30:45', '2023-January-20', 'Logged Out', '2023-01-25 15:51:55'),
(458, 1, 187, 'Yasshlee Daniella L.  ', 'HAO', 'JHS 7 Fortitude', 'Grade 7', 'Fortitude', '03:30:59', '2023-January-20', 'Logged Out', '2023-01-25 15:51:55'),
(459, 1, 159, 'Althea Bernice Y.  	', 'SAJOL', 'JHS 7 Faith', 'Grade 7', 'Faith', '03:31:00', '2023-January-20', 'Logged Out', '2023-01-25 15:51:55'),
(460, 1, 158, 'Kirsten Beatriz L.  	', 'QUEZON', 'JHS 7 Faith', 'Grade 7', 'Faith', '03:31:05', '2023-January-20', 'Logged Out', '2023-01-25 15:51:55'),
(461, 1, 180, 'Tristan Joacquim B.  ', 'TOLENTINO', 'JHS 7 Fortitude', 'Grade 7', 'Fortitude', '03:31:38', '2023-January-20', 'Logged In', '2023-01-25 15:51:55'),
(462, 1, 155, 'Karla Marie G.  	', 'FRANCO', 'JHS 7 Faith', 'Grade 7', 'Faith', '03:31:39', '2023-January-20', 'Logged Out', '2023-01-25 15:51:55'),
(463, 1, 156, 'Jianne Candice N.  	', 'GELBOLINGO', 'JHS 7 Faith', 'Grade 7', 'Faith', '03:31:57', '2023-January-20', 'Logged In', '2023-01-25 15:51:55'),
(464, 1, 157, 'Mickaylee Hazina V.  	', 'JOCSON', 'JHS 7 Faith', 'Grade 7', 'Faith', '03:32:08', '2023-January-20', 'Logged Out', '2023-01-25 15:51:55'),
(465, 1, 158, 'Kirsten Beatriz L.  	', 'QUEZON', 'JHS 7 Faith', 'Grade 7', 'Faith', '03:32:16', '2023-January-20', 'Logged In', '2023-01-25 15:51:55'),
(466, 1, 182, 'Autumn Mykylla B.  ', 'BARRIZO ', 'JHS 7 Fortitude', 'Grade 7', 'Fortitude', '03:32:18', '2023-January-20', 'Logged Out', '2023-01-25 15:51:55'),
(467, 1, 159, 'Althea Bernice Y.  	', 'SAJOL', 'JHS 7 Faith', 'Grade 7', 'Faith', '03:32:26', '2023-January-20', 'Logged In', '2023-01-25 15:51:55'),
(468, 1, 177, 'Noah Sebastian A.  ', 'ONG', 'JHS 7 Fortitude', 'Grade 7', 'Fortitude', '03:34:41', '2023-January-20', 'Logged Out', '2023-01-25 15:51:55'),
(469, 1, 176, 'Raizen Kreakzeus P.  *', 'OLIVER', 'JHS 7 Fortitude', 'Grade 7', 'Fortitude', '03:34:53', '2023-January-20', 'Logged Out', '2023-01-25 15:51:55'),
(470, 1, 175, 'Joshua Uriel P.  ', 'MENCIDOR', 'JHS 7 Fortitude', 'Grade 7', 'Fortitude', '03:34:55', '2023-January-20', 'Logged In', '2023-01-25 15:51:55'),
(471, 1, 179, 'Samiel Veyron T.  ', 'SISON', 'JHS 7 Fortitude', 'Grade 7', 'Fortitude', '03:35:08', '2023-January-20', 'Logged In', '2023-01-25 15:51:55'),
(472, 1, 180, 'Tristan Joacquim B.  ', 'TOLENTINO', 'JHS 7 Fortitude', 'Grade 7', 'Fortitude', '03:36:06', '2023-January-20', 'Logged Out', '2023-01-25 15:51:55'),
(473, 1, 181, 'Asher Makeen A.  ', 'UY', 'JHS 7 Fortitude', 'Grade 7', 'Fortitude', '03:36:07', '2023-January-20', 'Logged In', '2023-01-25 15:51:55'),
(474, 1, 175, 'Joshua Uriel P.  ', 'MENCIDOR', 'JHS 7 Fortitude', 'Grade 7', 'Fortitude', '03:36:13', '2023-January-20', 'Logged Out', '2023-01-25 15:51:55'),
(475, 1, 177, 'Noah Sebastian A.  ', 'ONG', 'JHS 7 Fortitude', 'Grade 7', 'Fortitude', '03:36:13', '2023-January-20', 'Logged In', '2023-01-25 15:51:55'),
(476, 1, 64, 'Zander Dominic E.  ', 'ABELLA', 'JHS 10 Patience', 'Grade 10', 'Patience', '03:37:44', '2023-January-20', 'Logged Out', '2023-01-25 15:51:55'),
(477, 1, 57, 'Klent Jearnel C.  ', 'ABANIL', 'JHS 10 Patience', 'Grade 10', 'Patience', '03:37:44', '2023-January-20', 'Logged In', '2023-01-25 15:51:55'),
(478, 1, 65, 'Jerome Ferdinand S.  ', 'AGUILAR', 'JHS 10 Patience', 'Grade 10', 'Patience', '03:37:56', '2023-January-20', 'Logged In', '2023-01-25 15:51:55'),
(479, 1, 100, 'Miguel Eli C.  ', 'BORRAS', 'JHS 10 Patience', 'Grade 10', 'Patience', '03:38:02', '2023-January-20', 'Logged In', '2023-01-25 15:51:55'),
(480, 1, 527, 'John Michael S.  ', 'CAMPOMANES', 'JHS 10 Patience', 'Grade 10', 'Patience', '03:38:07', '2023-January-20', 'Logged In', '2023-01-25 15:51:55'),
(481, 1, 528, 'Judfred Ruby C.  ', 'CARDINAS', 'JHS 10 Patience', 'Grade 10', 'Patience', '03:38:10', '2023-January-20', 'Logged Out', '2023-01-25 15:51:55'),
(482, 1, 530, 'Abe Matthew K.  ', 'CHUA', 'JHS 10 Patience', 'Grade 10', 'Patience', '03:38:32', '2023-January-20', 'Logged In', '2023-01-25 15:51:55'),
(483, 1, 558, 'Marguerite Yzabel T.  ', 'LARA', 'JHS 10 Patience', 'Grade 10', 'Patience', '03:39:55', '2023-January-20', 'Logged In', '2023-01-25 15:51:55'),
(484, 1, 608, 'Jose Angelo M.  ', 'BALBES', 'JHS 10 Piety', 'Grade 10', 'Piety', '03:41:03', '2023-January-20', 'Logged In', '2023-01-25 15:51:55'),
(485, 1, 583, 'Jian Carlo L.  ', 'TORRES', 'JHS 10 Peace', 'Grade 10', 'Peace', '03:41:04', '2023-January-20', 'Logged Out', '2023-01-25 15:51:55'),
(486, 1, 584, 'Andrei Matthew A.  ', 'UY', 'JHS 10 Peace', 'Grade 10', 'Peace', '03:41:11', '2023-January-20', 'Logged Out', '2023-01-25 15:51:55'),
(487, 1, 608, 'Jose Angelo M.  ', 'BALBES', 'JHS 10 Piety', 'Grade 10', 'Piety', '03:42:17', '2023-January-20', 'Logged Out', '2023-01-25 15:51:55'),
(488, 1, 607, 'Rica Angeline N.  ', 'SALAZAR', 'JHS 10 Peace', 'Grade 10', 'Peace', '03:42:18', '2023-January-20', 'Logged In', '2023-01-25 15:51:55'),
(489, 1, 606, 'Florence L.  ', 'ROSIT', 'JHS 10 Peace', 'Grade 10', 'Peace', '03:42:19', '2023-January-20', 'Logged In', '2023-01-25 15:51:55'),
(490, 1, 605, 'Alyannah Kim A.  ', 'REYSON', 'JHS 10 Peace', 'Grade 10', 'Peace', '03:42:20', '2023-January-20', 'Logged In', '2023-01-25 15:51:55'),
(491, 1, 604, 'Vinze Faye T.  ', 'REYES', 'JHS 10 Peace', 'Grade 10', 'Peace', '03:42:22', '2023-January-20', 'Logged In', '2023-01-25 15:51:55'),
(492, 1, 613, 'Angelo Kairi E.  ', 'DOBLES', 'JHS 10 Piety', 'Grade 10', 'Piety', '03:43:23', '2023-January-20', 'Logged In', '2023-01-25 15:51:55'),
(493, 1, 610, 'Reisson Gabriel M.  ', 'CAMUS', 'JHS 10 Piety', 'Grade 10', 'Piety', '03:43:34', '2023-January-20', 'Logged Out', '2023-01-25 15:51:55'),
(494, 1, 584, 'Andrei Matthew A.  ', 'UY', 'JHS 10 Peace', 'Grade 10', 'Peace', '03:43:35', '2023-January-20', 'Logged In', '2023-01-25 15:51:55'),
(495, 1, 609, 'Kyle Nathan O.  ', 'BANDIGAN', 'JHS 10 Piety', 'Grade 10', 'Piety', '03:43:44', '2023-January-20', 'Logged In', '2023-01-25 15:51:55'),
(496, 1, 611, 'Erl Rocas B.  ', 'COLALJO', 'JHS 10 Piety', 'Grade 10', 'Piety', '03:43:50', '2023-January-20', 'Logged Out', '2023-01-25 15:51:55'),
(497, 1, 641, 'Rian Althea L.  ', 'PORMENTO', 'JHS 10 Piety', 'Grade 10', 'Piety', '03:45:43', '2023-January-20', 'Logged In', '2023-01-25 15:51:55'),
(498, 1, 639, 'Maria Dennise L.  ', 'MILITAR', 'JHS 10 Piety', 'Grade 10', 'Piety', '03:46:21', '2023-January-20', 'Logged In', '2023-01-25 15:51:55'),
(499, 1, 638, 'Mavie Elissa M.  ', 'MANINGO', 'JHS 10 Piety', 'Grade 10', 'Piety', '03:46:25', '2023-January-20', 'Logged In', '2023-01-25 15:51:55'),
(500, 1, 637, 'Mikaela Anne A.  ', 'LASMARIAS', 'JHS 10 Piety', 'Grade 10', 'Piety', '03:46:30', '2023-January-20', 'Logged In', '2023-01-25 15:51:55'),
(501, 1, 664, 'Jadd Matthew F.  ', 'PEPITO', 'JHS 10 Service', 'Grade 10', 'Service', '03:46:30', '2023-January-20', 'Logged In', '2023-01-25 15:51:55'),
(502, 1, 669, 'Samantha M.  ', 'AGUILA', 'JHS 10 Service', 'Grade 10', 'Service', '03:46:31', '2023-January-20', 'Logged In', '2023-01-25 15:51:55'),
(503, 1, 642, 'Dannica Summer L.  ', 'REAL', 'JHS 10 Piety', 'Grade 10', 'Piety', '03:46:33', '2023-January-20', 'Logged In', '2023-01-25 15:51:55'),
(504, 1, 643, 'Jennilyn A.  ', 'REGALADO', 'JHS 10 Piety', 'Grade 10', 'Piety', '03:46:44', '2023-January-20', 'Logged In', '2023-01-25 15:51:55'),
(505, 1, 641, 'Rian Althea L.  ', 'PORMENTO', 'JHS 10 Piety', 'Grade 10', 'Piety', '03:46:47', '2023-January-20', 'Logged Out', '2023-01-25 15:51:55'),
(506, 1, 111, 'Lee Grant Benedict M.  	', 'PADONG', 'JHS 7 Courage', 'Grade 7', 'Courage', '08:11:34', '2023-January-23', 'Logged In', '2023-01-25 15:51:55'),
(507, 1, 113, 'Angelo Dominic C.  	', 'VANZUELA', 'JHS 7 Courage', 'Grade 7', 'Courage', '08:11:37', '2023-January-23', 'Logged In', '2023-01-25 15:51:55'),
(508, 1, 114, 'Vincent P.  	', 'YAP', 'JHS 7 Courage', 'Grade 7', 'Courage', '08:11:37', '2023-January-23', 'Logged In', '2023-01-25 15:51:55'),
(509, 1, 132, 'Princess Marcheline Iquine A. ', 'SITSIT', 'JHS 7 Courage', 'Grade 7', 'Courage', '08:12:13', '2023-January-23', 'Logged In', '2023-01-25 15:51:55'),
(510, 1, 92, 'Miguel Armando Z.  	', 'CHAVEZ', 'JHS 7 Chastity', 'Grade 7', 'Chastity', '10:08:00', '2023-January-23', 'Logged Out', '2023-01-25 15:51:55'),
(511, 1, 557, 'Armeet   ', 'KAUR', 'JHS 10 Patience', 'Grade 10', 'Patience', '10:11:58', '2023-January-23', 'Logged In', '2023-01-25 15:51:55'),
(512, 1, 640, 'Keira Antonie P.  ', 'PADAYHAG', 'JHS 10 Piety', 'Grade 10', 'Piety', '10:12:12', '2023-January-23', 'Logged In', '2023-01-25 15:51:55'),
(513, 1, 92, 'Miguel Armando Z.  	', 'CHAVEZ', 'JHS 7 Chastity', 'Grade 7', 'Chastity', '10:12:21', '2023-January-23', 'Logged In', '2023-01-25 15:51:55'),
(514, 1, 92, 'Miguel Armando Z.  	', 'CHAVEZ', 'JHS 7 Chastity', 'Grade 7', 'Chastity', '10:13:22', '2023-January-23', 'Logged Out', '2023-01-25 15:51:55'),
(515, 1, 138, 'Christian Matthew P.  	', 'MOBE', 'JHS 7 Faith', 'Grade 7', 'Faith', '07:45:15', '2023-January-24', 'Logged Out', '2023-01-25 15:51:55'),
(516, 1, 138, 'Christian Matthew P.  	', 'MOBE', 'JHS 7 Faith', 'Grade 7', 'Faith', '07:52:30', '2023-January-24', 'Logged In', '2023-01-25 15:51:55'),
(517, 1, 135, 'Matteo Jose O.  	', 'CANOPEN', 'JHS 7 Faith', 'Grade 7', 'Faith', '07:53:05', '2023-January-24', 'Logged Out', '2023-01-25 15:51:55'),
(518, 1, 143, 'Simbha M.  *	', 'REYES', 'JHS 7 Faith', 'Grade 7', 'Faith', '07:56:15', '2023-January-24', 'Logged In', '2023-01-25 15:51:55'),
(519, 1, 140, 'Dwayne Anthony L.  	', 'OROSIO', 'JHS 7 Faith', 'Grade 7', 'Faith', '07:56:29', '2023-January-24', 'Logged In', '2023-01-25 15:51:55'),
(520, 1, 324, 'Rhionne Fae R.  ', 'PAYOT', 'JHS 8 Humility', 'Grade 8', 'Humility', '09:16:55', '2023-January-24', 'Logged In', '2023-01-25 15:51:55'),
(521, 1, 325, 'Viviane T.  ', 'PIMENTEL', 'JHS 8 Humility', 'Grade 8', 'Humility', '09:24:50', '2023-January-24', 'Logged In', '2023-01-25 15:51:55'),
(522, 1, 323, 'Myka Claire G.  ', 'ONG', 'JHS 8 Humility', 'Grade 8', 'Humility', '09:24:55', '2023-January-24', 'Logged In', '2023-01-25 15:51:55'),
(523, 1, 322, 'Kristine Kate T.  ', 'NAVORA', 'JHS 8 Humility', 'Grade 8', 'Humility', '09:25:11', '2023-January-24', 'Logged In', '2023-01-25 15:51:55'),
(524, 1, 321, 'Zuri Allisa U.  ', 'NAVALES', 'JHS 8 Humility', 'Grade 8', 'Humility', '09:25:22', '2023-January-24', 'Logged In', '2023-01-25 15:51:55'),
(525, 1, 318, 'Xzyrielle Cheska Jamilia J.  ', 'MAGLANA', 'JHS 8 Humility', 'Grade 8', 'Humility', '09:25:37', '2023-January-24', 'Logged In', '2023-01-25 15:51:55'),
(526, 1, 315, 'Angelika Erich Anne   ', 'DERILO', 'JHS 8 Humility', 'Grade 8', 'Humility', '09:28:18', '2023-January-24', 'Logged In', '2023-01-25 15:51:55'),
(527, 1, 317, 'Ashley Rayah I.  ', 'GARCIA', 'JHS 8 Humility', 'Grade 8', 'Humility', '09:29:40', '2023-January-24', 'Logged In', '2023-01-25 15:51:55'),
(528, 1, 313, 'Zoe Christel D.  ', 'DEGALA', 'JHS 8 Humility', 'Grade 8', 'Humility', '09:30:12', '2023-January-24', 'Logged Out', '2023-01-25 15:51:55'),
(529, 1, 310, 'Marielle Eula Victoria S.A.  ', 'AGUILAR', 'JHS 8 Humility', 'Grade 8', 'Humility', '09:30:31', '2023-January-24', 'Logged In', '2023-01-25 15:51:55'),
(530, 1, 308, 'Josh Ivan L.  ', 'TORRES', 'JHS 8 Humility', 'Grade 8', 'Humility', '09:30:34', '2023-January-24', 'Logged In', '2023-01-25 15:51:55'),
(531, 1, 307, 'Daniejon Bleu L.  ', 'NACIONAL', 'JHS 8 Humility', 'Grade 8', 'Humility', '09:30:39', '2023-January-24', 'Logged In', '2023-01-25 15:51:55'),
(532, 1, 306, 'Peter Eugene D.  ', 'MAMBURAM', 'JHS 8 Humility', 'Grade 8', 'Humility', '09:30:42', '2023-January-24', 'Logged In', '2023-01-25 15:51:55'),
(533, 1, 598, 'Julianne Lexy O.  ', 'GONZALES', 'JHS 10 Peace', 'Grade 10', 'Peace', '09:33:47', '2023-January-24', 'Logged In', '2023-01-25 15:51:55'),
(534, 1, 590, 'Khiarra Crystal L.  ', 'CASTILLO', 'JHS 10 Peace', 'Grade 10', 'Peace', '09:34:11', '2023-January-24', 'Logged In', '2023-01-25 15:51:55'),
(535, 1, 460, 'Jon Anthony D.  ', 'NOVENO', 'JHS 9 Loyalty', 'Grade 9', 'Loyalty', '09:34:34', '2023-January-24', 'Logged In', '2023-01-25 15:51:55'),
(536, 1, 453, 'Reighn Nicolai P.  ', 'ESTRADA', 'JHS 9 Loyalty', 'Grade 9', 'Loyalty', '09:34:45', '2023-January-24', 'Logged Out', '2023-01-25 15:51:55'),
(537, 1, 427, 'Aeddan Lance D.', 'ZAPANTA', 'JHS 9 Justice', 'Grade 9', 'Justice', '09:34:55', '2023-January-24', 'Logged Out', '2023-01-25 15:51:55'),
(538, 1, 376, 'Roland Ivan M.  ', 'LAGAPA', 'JHS 9 Joy', 'Grade 9', 'Joy', '09:35:07', '2023-January-24', 'Logged Out', '2023-01-25 15:51:55'),
(539, 1, 500, 'Navjot   ', 'SINGH', 'JHS 9 Modesty', 'Grade 9', 'Modesty', '09:35:18', '2023-January-24', 'Logged Out', '2023-01-25 15:51:55'),
(540, 1, 648, 'Joana Angela L.  ', 'TAGALOG', 'JHS 10 Piety', 'Grade 10', 'Piety', '09:35:27', '2023-January-24', 'Logged In', '2023-01-25 15:51:55'),
(541, 1, 635, 'Micah Racquel C.  ', 'DESCALLAR', 'JHS 10 Piety', 'Grade 10', 'Piety', '09:35:33', '2023-January-24', 'Logged In', '2023-01-25 15:51:55'),
(542, 1, 213, 'Patricia Jade L.  ', 'CASTILLO', 'JHS 8 Generosity', 'Grade 8', 'Generosity', '09:36:36', '2023-January-24', 'Logged In', '2023-01-25 15:51:55'),
(543, 1, 586, 'Raika Charmel D.  ', 'ALAS', 'JHS 10 Peace', 'Grade 10', 'Peace', '09:37:41', '2023-January-24', 'Logged In', '2023-01-25 15:51:55'),
(544, 1, 587, 'Jaedine C.  ', 'BUHIA', 'JHS 10 Peace', 'Grade 10', 'Peace', '09:37:57', '2023-January-24', 'Logged In', '2023-01-25 15:51:55'),
(545, 1, 598, 'Julianne Lexy O.  ', 'GONZALES', 'JHS 10 Peace', 'Grade 10', 'Peace', '09:38:06', '2023-January-24', 'Logged Out', '2023-01-25 15:51:55'),
(546, 1, 590, 'Khiarra Crystal L.  ', 'CASTILLO', 'JHS 10 Peace', 'Grade 10', 'Peace', '09:38:09', '2023-January-24', 'Logged Out', '2023-01-25 15:51:55'),
(547, 1, 584, 'Andrei Matthew A.  ', 'UY', 'JHS 10 Peace', 'Grade 10', 'Peace', '09:38:53', '2023-January-24', 'Logged Out', '2023-01-25 15:51:55'),
(548, 1, 587, 'Jaedine C.  ', 'BUHIA', 'JHS 10 Peace', 'Grade 10', 'Peace', '09:39:08', '2023-January-24', 'Logged Out', '2023-01-25 15:51:55'),
(549, 1, 401, 'Rheana Audrey C.  ', 'RODRIGO', 'JHS 9 Joy', 'Grade 9', 'Joy', '09:39:36', '2023-January-24', 'Logged In', '2023-01-25 15:51:55'),
(550, 1, 367, 'John Harry A.  ', 'AROCHA', 'JHS 9 Joy', 'Grade 9', 'Joy', '09:40:04', '2023-January-24', 'Logged In', '2023-01-25 15:51:55'),
(551, 1, 244, 'Janne Alexandria L.  ', 'ANG', 'JHS 8 Honesty', 'Grade 8', 'Honesty', '09:40:17', '2023-January-24', 'Logged In', '2023-01-25 15:51:55'),
(552, 1, 584, 'Andrei Matthew A.  ', 'UY', 'JHS 10 Peace', 'Grade 10', 'Peace', '09:40:20', '2023-January-24', 'Logged In', '2023-01-25 15:51:55'),
(553, 1, 213, 'Patricia Jade L.  ', 'CASTILLO', 'JHS 8 Generosity', 'Grade 8', 'Generosity', '09:40:49', '2023-January-24', 'Logged Out', '2023-01-25 15:51:55'),
(554, 1, 244, 'Janne Alexandria L.  ', 'ANG', 'JHS 8 Honesty', 'Grade 8', 'Honesty', '09:45:40', '2023-January-24', 'Logged Out', '2023-01-25 15:51:55'),
(555, 1, 292, 'Riezy Reyhanna A.  ', 'PARREÑO', 'JHS 8 Hope', 'Grade 8', 'Hope', '09:45:53', '2023-January-24', 'Logged In', '2023-01-25 15:51:55'),
(556, 1, 277, 'Yunalesca P.  ', 'CRUZ', 'JHS 8 Hope', 'Grade 8', 'Hope', '09:46:06', '2023-January-24', 'Logged In', '2023-01-25 15:51:55'),
(557, 1, 134, 'Josiah Liam G.  	', 'BANTIDING', 'JHS 7 Faith', 'Grade 7', 'Faith', '09:55:46', '2023-January-24', 'Logged Out', '2023-01-25 15:51:55'),
(558, 1, 330, 'Amber Rylle Y.  ', 'UY', 'JHS 8 Humility', 'Grade 8', 'Humility', '09:57:47', '2023-January-24', 'Logged In', '2023-01-25 15:51:55'),
(559, 1, 329, 'Alainna Chole M.  ', 'SY', 'JHS 8 Humility', 'Grade 8', 'Humility', '09:57:50', '2023-January-24', 'Logged In', '2023-01-25 15:51:55'),
(560, 1, 327, 'Kendra Camille E.  ', 'RANOLO', 'JHS 8 Humility', 'Grade 8', 'Humility', '09:57:57', '2023-January-24', 'Logged In', '2023-01-25 15:51:55'),
(561, 1, 326, 'Amelia Lymsleia G.  ', 'PLATA', 'JHS 8 Humility', 'Grade 8', 'Humility', '09:58:03', '2023-January-24', 'Logged In', '2023-01-25 15:51:55'),
(562, 1, 319, 'Raven Chloe D.R.  ', 'MANRIQUEZ', 'JHS 8 Humility', 'Grade 8', 'Humility', '09:58:13', '2023-January-24', 'Logged In', '2023-01-25 15:51:55'),
(563, 1, 317, 'Ashley Rayah I.  ', 'GARCIA', 'JHS 8 Humility', 'Grade 8', 'Humility', '09:58:18', '2023-January-24', 'Logged Out', '2023-01-25 15:51:55'),
(564, 1, 316, 'Kirsten Miel C.  ', 'FULVADORA', 'JHS 8 Humility', 'Grade 8', 'Humility', '09:58:26', '2023-January-24', 'Logged In', '2023-01-25 15:51:55'),
(565, 1, 143, 'Simbha M.  *	', 'REYES', 'JHS 7 Faith', 'Grade 7', 'Faith', '10:07:00', '2023-January-24', 'Logged Out', '2023-01-25 15:51:55'),
(566, 1, 170, 'Miguel Troy L.  ', 'CURIBA', 'JHS 7 Fortitude', 'Grade 7', 'Fortitude', '10:43:34', '2023-January-24', 'Logged In', '2023-01-25 15:51:55'),
(567, 1, 324, 'Rhionne Fae R.  ', 'PAYOT', 'JHS 8 Humility', 'Grade 8', 'Humility', '03:20:27', '2023-January-24', 'Logged Out', '2023-01-25 15:51:55'),
(568, 1, 115, 'Stephanie Marie P.  	', 'ANG', 'JHS 7 Courage', 'Grade 7', 'Courage', '07:40:11', '2023-January-26', 'Logged In', '2023-01-26 07:40:11'),
(569, 1, 115, 'Stephanie Marie P.  	', 'ANG', 'JHS 7 Courage', 'Grade 7', 'Courage', '07:41:18', '2023-January-26', 'Logged Out', '2023-01-26 07:41:18'),
(570, 1, 102, 'Adrian Leathan S.  	', 'CANO', 'JHS 7 Courage', 'Grade 7', 'Courage', '07:48:23', '2023-January-26', 'Logged In', '2023-01-26 07:48:23'),
(571, 1, 102, 'Adrian Leathan S.  	', 'CANO', 'JHS 7 Courage', 'Grade 7', 'Courage', '07:49:55', '2023-January-26', 'Logged Out', '2023-01-26 07:49:55'),
(572, 1, 130, 'Yesha Angel   	', 'RODULFA', 'JHS 7 Courage', 'Grade 7', 'Courage', '08:25:55', '2023-January-26', 'Logged In', '2023-01-26 08:25:55'),
(573, 1, 130, 'Yesha Angel   	', 'RODULFA', 'JHS 7 Courage', 'Grade 7', 'Courage', '08:30:41', '2023-January-26', 'Logged Out', '2023-01-26 08:30:41'),
(574, 1, 130, 'Yesha Angel   	', 'RODULFA', 'JHS 7 Courage', 'Grade 7', 'Courage', '08:31:44', '2023-January-26', 'Logged In', '2023-01-26 08:31:44'),
(575, 1, 133, 'Athena Viel C.  	', 'ZAMORA', 'JHS 7 Courage', 'Grade 7', 'Courage', '08:35:34', '2023-January-26', 'Logged In', '2023-01-26 08:35:34'),
(576, 1, 130, 'Yesha Angel   	', 'RODULFA', 'JHS 7 Courage', 'Grade 7', 'Courage', '08:36:58', '2023-January-26', 'Logged Out', '2023-01-26 08:36:58'),
(577, 1, 308, 'Josh Ivan L.  ', 'TORRES', 'JHS 8 Humility', 'Grade 8', 'Humility', '08:45:02', '2023-January-26', 'Logged Out', '2023-01-26 08:45:02'),
(578, 1, 319, 'Raven Chloe D.R.  ', 'MANRIQUEZ', 'JHS 8 Humility', 'Grade 8', 'Humility', '08:45:06', '2023-January-26', 'Logged Out', '2023-01-26 08:45:06'),
(579, 1, 307, 'Daniejon Bleu L.  ', 'NACIONAL', 'JHS 8 Humility', 'Grade 8', 'Humility', '08:45:12', '2023-January-26', 'Logged Out', '2023-01-26 08:45:12'),
(580, 1, 298, 'Janzou Athan Y.  ', 'ALOVERA', 'JHS 8 Humility', 'Grade 8', 'Humility', '08:45:24', '2023-January-26', 'Logged In', '2023-01-26 08:45:24'),
(581, 1, 322, 'Kristine Kate T.  ', 'NAVORA', 'JHS 8 Humility', 'Grade 8', 'Humility', '08:45:27', '2023-January-26', 'Logged Out', '2023-01-26 08:45:27'),
(582, 1, 324, 'Rhionne Fae R.  ', 'PAYOT', 'JHS 8 Humility', 'Grade 8', 'Humility', '08:46:11', '2023-January-26', 'Logged In', '2023-01-26 08:46:11'),
(583, 1, 322, 'Kristine Kate T.  ', 'NAVORA', 'JHS 8 Humility', 'Grade 8', 'Humility', '08:59:02', '2023-January-26', 'Logged In', '2023-01-26 08:59:02'),
(584, 1, 319, 'Raven Chloe D.R.  ', 'MANRIQUEZ', 'JHS 8 Humility', 'Grade 8', 'Humility', '08:59:07', '2023-January-26', 'Logged In', '2023-01-26 08:59:07'),
(585, 1, 308, 'Josh Ivan L.  ', 'TORRES', 'JHS 8 Humility', 'Grade 8', 'Humility', '08:59:11', '2023-January-26', 'Logged In', '2023-01-26 08:59:11'),
(586, 1, 307, 'Daniejon Bleu L.  ', 'NACIONAL', 'JHS 8 Humility', 'Grade 8', 'Humility', '08:59:15', '2023-January-26', 'Logged In', '2023-01-26 08:59:15'),
(587, 1, 324, 'Rhionne Fae R.  ', 'PAYOT', 'JHS 8 Humility', 'Grade 8', 'Humility', '08:59:37', '2023-January-26', 'Logged Out', '2023-01-26 08:59:37'),
(588, 1, 298, 'Janzou Athan Y.  ', 'ALOVERA', 'JHS 8 Humility', 'Grade 8', 'Humility', '09:02:02', '2023-January-26', 'Logged Out', '2023-01-26 09:02:02'),
(589, 1, 229, 'Louisse Margaret R.  ', 'VERALLO', 'JHS 8 Generosity', 'Grade 8', 'Generosity', '09:33:08', '2023-January-26', 'Logged In', '2023-01-26 09:33:08'),
(590, 1, 73, 'Lera Jane P.  	', 'IBUYAN', 'JHS 7 Chastity', 'Grade 7', 'Chastity', '09:33:28', '2023-January-26', 'Logged In', '2023-01-26 09:33:28'),
(591, 1, 119, 'Tyrene Mikaela B.  	', 'ESTROPE', 'JHS 7 Courage', 'Grade 7', 'Courage', '09:33:38', '2023-January-26', 'Logged In', '2023-01-26 09:33:38'),
(592, 1, 182, 'Autumn Mykylla B.  ', 'BARRIZO ', 'JHS 7 Fortitude', 'Grade 7', 'Fortitude', '09:33:41', '2023-January-26', 'Logged In', '2023-01-26 09:33:41'),
(593, 1, 154, 'Mikayla Yzabelle E.  	', 'DOMINGO', 'JHS 7 Faith', 'Grade 7', 'Faith', '09:33:47', '2023-January-26', 'Logged In', '2023-01-26 09:33:47'),
(594, 1, 151, 'Johanna Marie V.  	', 'DEL PILAR', 'JHS 7 Faith', 'Grade 7', 'Faith', '09:33:52', '2023-January-26', 'Logged Out', '2023-01-26 09:33:52'),
(595, 1, 229, 'Louisse Margaret R.  ', 'VERALLO', 'JHS 8 Generosity', 'Grade 8', 'Generosity', '09:34:12', '2023-January-26', 'Logged Out', '2023-01-26 09:34:12'),
(596, 1, 648, 'Joana Angela L.  ', 'TAGALOG', 'JHS 10 Piety', 'Grade 10', 'Piety', '09:34:17', '2023-January-26', 'Logged Out', '2023-01-26 09:34:18'),
(597, 1, 635, 'Micah Racquel C.  ', 'DESCALLAR', 'JHS 10 Piety', 'Grade 10', 'Piety', '09:34:19', '2023-January-26', 'Logged Out', '2023-01-26 09:34:19'),
(598, 1, 190, 'Samantha Sabina M.  ', 'MEJORADA', 'JHS 7 Fortitude', 'Grade 7', 'Fortitude', '09:34:26', '2023-January-26', 'Logged Out', '2023-01-26 09:34:26'),
(599, 1, 184, 'Shiley Gwenvere R.  ', 'CANOPEN', 'JHS 7 Fortitude', 'Grade 7', 'Fortitude', '09:34:30', '2023-January-26', 'Logged In', '2023-01-26 09:34:30'),
(600, 1, 169, 'Jansen Kaye C.  *', 'CASTAсRES', 'JHS 7 Fortitude', 'Grade 7', 'Fortitude', '09:34:56', '2023-January-26', 'Logged In', '2023-01-26 09:34:56'),
(601, 1, 83, 'Joyce Allaina L.  	', 'TAGUBASE', 'JHS 7 Chastity', 'Grade 7', 'Chastity', '09:35:16', '2023-January-26', 'Logged In', '2023-01-26 09:35:16'),
(602, 1, 322, 'Kristine Kate T.  ', 'NAVORA', 'JHS 8 Humility', 'Grade 8', 'Humility', '09:35:45', '2023-January-26', 'Logged Out', '2023-01-26 09:35:45'),
(603, 1, 460, 'Jon Anthony D.  ', 'NOVENO', 'JHS 9 Loyalty', 'Grade 9', 'Loyalty', '09:36:01', '2023-January-26', 'Logged Out', '2023-01-26 09:36:01'),
(604, 1, 326, 'Amelia Lymsleia G.  ', 'PLATA', 'JHS 8 Humility', 'Grade 8', 'Humility', '09:36:30', '2023-January-26', 'Logged Out', '2023-01-26 09:36:30'),
(605, 1, 462, 'Vince Jacob D.  ', 'SORIANO', 'JHS 9 Loyalty', 'Grade 9', 'Loyalty', '09:36:37', '2023-January-26', 'Logged In', '2023-01-26 09:36:37'),
(606, 1, 83, 'Joyce Allaina L.  	', 'TAGUBASE', 'JHS 7 Chastity', 'Grade 7', 'Chastity', '09:37:22', '2023-January-26', 'Logged Out', '2023-01-26 09:37:22'),
(607, 1, 154, 'Mikayla Yzabelle E.  	', 'DOMINGO', 'JHS 7 Faith', 'Grade 7', 'Faith', '09:39:00', '2023-January-26', 'Logged Out', '2023-01-26 09:39:00'),
(608, 1, 648, 'Joana Angela L.  ', 'TAGALOG', 'JHS 10 Piety', 'Grade 10', 'Piety', '09:39:03', '2023-January-26', 'Logged In', '2023-01-26 09:39:03'),
(609, 1, 635, 'Micah Racquel C.  ', 'DESCALLAR', 'JHS 10 Piety', 'Grade 10', 'Piety', '09:39:04', '2023-January-26', 'Logged In', '2023-01-26 09:39:04'),
(610, 1, 151, 'Johanna Marie V.  	', 'DEL PILAR', 'JHS 7 Faith', 'Grade 7', 'Faith', '09:39:14', '2023-January-26', 'Logged In', '2023-01-26 09:39:14'),
(611, 1, 402, 'Treskiah C.  ', 'ROSACAY', 'JHS 9 Joy', 'Grade 9', 'Joy', '09:39:20', '2023-January-26', 'Logged Out', '2023-01-26 09:39:20'),
(612, 1, 392, 'Helaena G.  ', 'ESTEMAR', 'JHS 9 Joy', 'Grade 9', 'Joy', '09:39:30', '2023-January-26', 'Logged In', '2023-01-26 09:39:30'),
(613, 1, 403, 'Stellar N.  ', 'SALES', 'JHS 9 Joy', 'Grade 9', 'Joy', '09:39:33', '2023-January-26', 'Logged In', '2023-01-26 09:39:33'),
(614, 1, 400, 'Venice Marie B.  ', 'QUIÑON', 'JHS 9 Joy', 'Grade 9', 'Joy', '09:39:36', '2023-January-26', 'Logged In', '2023-01-26 09:39:36'),
(615, 1, 467, 'Leiana L.  ', 'ALONZO', 'JHS 9 Loyalty', 'Grade 9', 'Loyalty', '09:39:37', '2023-January-26', 'Logged In', '2023-01-26 09:39:37'),
(616, 1, 391, 'Lois Angelica Marie C.  *', 'ENRIQUEZ', 'JHS 9 Joy', 'Grade 9', 'Joy', '09:39:40', '2023-January-26', 'Logged Out', '2023-01-26 09:39:40'),
(617, 1, 161, 'Xandrea Gab G.  	', 'SANTOS', 'JHS 7 Faith', 'Grade 7', 'Faith', '09:39:58', '2023-January-26', 'Logged Out', '2023-01-26 09:39:58'),
(618, 1, 322, 'Kristine Kate T.  ', 'NAVORA', 'JHS 8 Humility', 'Grade 8', 'Humility', '09:39:59', '2023-January-26', 'Logged In', '2023-01-26 09:39:59'),
(619, 1, 475, 'Carmela Marie G.  ', 'FUENTES', 'JHS 9 Loyalty', 'Grade 9', 'Loyalty', '09:41:46', '2023-January-26', 'Logged In', '2023-01-26 09:41:46'),
(620, 1, 367, 'John Harry A.  ', 'AROCHA', 'JHS 9 Joy', 'Grade 9', 'Joy', '09:41:54', '2023-January-26', 'Logged Out', '2023-01-26 09:41:54'),
(621, 1, 401, 'Rheana Audrey C.  ', 'RODRIGO', 'JHS 9 Joy', 'Grade 9', 'Joy', '09:42:50', '2023-January-26', 'Logged Out', '2023-01-26 09:42:50'),
(622, 1, 467, 'Leiana L.  ', 'ALONZO', 'JHS 9 Loyalty', 'Grade 9', 'Loyalty', '09:43:34', '2023-January-26', 'Logged Out', '2023-01-26 09:43:34'),
(623, 1, 470, 'Gayle Sophia Julianna G.  ', 'BORROMEO', 'JHS 9 Loyalty', 'Grade 9', 'Loyalty', '09:43:46', '2023-January-26', 'Logged In', '2023-01-26 09:43:46'),
(624, 1, 161, 'Xandrea Gab G.  	', 'SANTOS', 'JHS 7 Faith', 'Grade 7', 'Faith', '09:44:06', '2023-January-26', 'Logged In', '2023-01-26 09:44:06'),
(625, 1, 162, 'Yvaine Angeli G.  *	', 'SIMBAJON', 'JHS 7 Faith', 'Grade 7', 'Faith', '09:44:08', '2023-January-26', 'Logged In', '2023-01-26 09:44:08'),
(626, 1, 169, 'Jansen Kaye C.  *', 'CASTAсRES', 'JHS 7 Fortitude', 'Grade 7', 'Fortitude', '09:45:08', '2023-January-26', 'Logged Out', '2023-01-26 09:45:08'),
(627, 1, 190, 'Samantha Sabina M.  ', 'MEJORADA', 'JHS 7 Fortitude', 'Grade 7', 'Fortitude', '09:45:10', '2023-January-26', 'Logged In', '2023-01-26 09:45:10'),
(628, 1, 486, 'Clark Ivan G.  ', 'BENTULAN', 'JHS 9 Modesty', 'Grade 9', 'Modesty', '10:51:16', '2023-January-26', 'Logged In', '2023-01-26 10:51:16'),
(629, 1, 482, 'Alyssa Mignonette L.  ', 'ORCULLO', 'JHS 9 Loyalty', 'Grade 9', 'Loyalty', '10:54:13', '2023-January-26', 'Logged In', '2023-01-26 10:54:13'),
(630, 1, 495, 'Alecxi Kane M.  ', 'LEE', 'JHS 9 Modesty', 'Grade 9', 'Modesty', '11:01:20', '2023-January-26', 'Logged In', '2023-01-26 11:01:20'),
(631, 1, 497, 'Jet Joshua Benedict D.J.  ', 'LU', 'JHS 9 Modesty', 'Grade 9', 'Modesty', '11:02:02', '2023-January-26', 'Logged In', '2023-01-26 11:02:02'),
(632, 1, 495, 'Alecxi Kane M.  ', 'LEE', 'JHS 9 Modesty', 'Grade 9', 'Modesty', '11:02:44', '2023-January-26', 'Logged Out', '2023-01-26 11:02:44'),
(633, 1, 495, 'Alecxi Kane M.  ', 'LEE', 'JHS 9 Modesty', 'Grade 9', 'Modesty', '11:04:05', '2023-January-26', 'Logged In', '2023-01-26 11:04:05'),
(634, 1, 496, 'Jasper   ', 'LIM', 'JHS 9 Modesty', 'Grade 9', 'Modesty', '11:04:33', '2023-January-26', 'Logged In', '2023-01-26 11:04:33'),
(635, 1, 497, 'Jet Joshua Benedict D.J.  ', 'LU', 'JHS 9 Modesty', 'Grade 9', 'Modesty', '11:05:00', '2023-January-26', 'Logged Out', '2023-01-26 11:05:00'),
(636, 1, 498, 'Jancedrik R.  ', 'MADIANDA', 'JHS 9 Modesty', 'Grade 9', 'Modesty', '11:05:12', '2023-January-26', 'Logged In', '2023-01-26 11:05:12'),
(637, 1, 499, 'Jaskaran   ', 'SINGH', 'JHS 9 Modesty', 'Grade 9', 'Modesty', '11:05:21', '2023-January-26', 'Logged In', '2023-01-26 11:05:21'),
(638, 1, 500, 'Navjot   ', 'SINGH', 'JHS 9 Modesty', 'Grade 9', 'Modesty', '11:05:34', '2023-January-26', 'Logged In', '2023-01-26 11:05:34'),
(639, 1, 501, 'Peter Daniel P.  ', 'TIMBAL', 'JHS 9 Modesty', 'Grade 9', 'Modesty', '11:05:46', '2023-January-26', 'Logged In', '2023-01-26 11:05:47'),
(640, 1, 502, 'Gabriel Roi G.  ', 'UY', 'JHS 9 Modesty', 'Grade 9', 'Modesty', '11:05:55', '2023-January-26', 'Logged In', '2023-01-26 11:05:55'),
(641, 1, 503, 'Jan Carlos Z.  ', 'VEDUA', 'JHS 9 Modesty', 'Grade 9', 'Modesty', '11:06:04', '2023-January-26', 'Logged In', '2023-01-26 11:06:04'),
(642, 1, 504, 'John Patrick P.  ', 'YAP', 'JHS 9 Modesty', 'Grade 9', 'Modesty', '11:06:14', '2023-January-26', 'Logged In', '2023-01-26 11:06:14'),
(643, 1, 508, 'Christiana Blessa T.  ', 'BINGIL', 'JHS 9 Modesty', 'Grade 9', 'Modesty', '11:07:39', '2023-January-26', 'Logged In', '2023-01-26 11:07:39'),
(644, 1, 511, 'Althea Gabrielle D.  ', 'CULABA', 'JHS 9 Modesty', 'Grade 9', 'Modesty', '11:13:12', '2023-January-26', 'Logged In', '2023-01-26 11:13:12'),
(645, 1, 518, 'Rome Ysabelle A.  ', 'JERMIA', 'JHS 9 Modesty', 'Grade 9', 'Modesty', '11:16:52', '2023-January-26', 'Logged In', '2023-01-26 11:16:52'),
(646, 1, 516, 'Ross Marian D.  ', 'GO-ACO', 'JHS 9 Modesty', 'Grade 9', 'Modesty', '11:17:45', '2023-January-26', 'Logged In', '2023-01-26 11:17:45'),
(647, 1, 495, 'Alecxi Kane M.  ', 'LEE', 'JHS 9 Modesty', 'Grade 9', 'Modesty', '11:18:19', '2023-January-26', 'Logged Out', '2023-01-26 11:18:19'),
(648, 1, 495, 'Alecxi Kane M.  ', 'LEE', 'JHS 9 Modesty', 'Grade 9', 'Modesty', '11:20:03', '2023-January-26', 'Logged In', '2023-01-26 11:20:03'),
(649, 1, 494, 'Juancho Miguel M.  ', 'LAMBAYAN', 'JHS 9 Modesty', 'Grade 9', 'Modesty', '11:27:24', '2023-January-26', 'Logged In', '2023-01-26 11:27:24'),
(650, 1, 324, 'Rhionne Fae R.  ', 'PAYOT', 'JHS 8 Humility', 'Grade 8', 'Humility', '02:36:01', '2023-January-26', 'Logged In', '2023-01-26 14:36:02'),
(651, 1, 480, 'April Hannah Joy A.  ', 'NABOYA', 'JHS 9 Loyalty', 'Grade 9', 'Loyalty', '02:36:41', '2023-January-26', 'Logged In', '2023-01-26 14:36:41'),
(652, 1, 485, 'Sitti Azizah   ', 'YAHYA', 'JHS 9 Loyalty', 'Grade 9', 'Loyalty', '02:36:47', '2023-January-26', 'Logged In', '2023-01-26 14:36:48'),
(653, 1, 482, 'Alyssa Mignonette L.  ', 'ORCULLO', 'JHS 9 Loyalty', 'Grade 9', 'Loyalty', '02:36:48', '2023-January-26', 'Logged Out', '2023-01-26 14:36:48'),
(654, 1, 484, 'Larla Anjullie M.  ', 'SAJULGA', 'JHS 9 Loyalty', 'Grade 9', 'Loyalty', '02:36:53', '2023-January-26', 'Logged In', '2023-01-26 14:36:53'),
(655, 1, 324, 'Rhionne Fae R.  ', 'PAYOT', 'JHS 8 Humility', 'Grade 8', 'Humility', '02:37:12', '2023-January-26', 'Logged Out', '2023-01-26 14:37:12'),
(656, 1, 483, 'Rhuanne Jaliyah P.  ', 'PO', 'JHS 9 Loyalty', 'Grade 9', 'Loyalty', '02:37:21', '2023-January-26', 'Logged In', '2023-01-26 14:37:21'),
(657, 1, 481, 'Ember Dominique Y.  ', 'NERVIDA', 'JHS 9 Loyalty', 'Grade 9', 'Loyalty', '02:37:28', '2023-January-26', 'Logged In', '2023-01-26 14:37:28'),
(658, 1, 484, 'Larla Anjullie M.  ', 'SAJULGA', 'JHS 9 Loyalty', 'Grade 9', 'Loyalty', '02:37:55', '2023-January-26', 'Logged Out', '2023-01-26 14:37:55'),
(659, 1, 482, 'Alyssa Mignonette L.  ', 'ORCULLO', 'JHS 9 Loyalty', 'Grade 9', 'Loyalty', '02:38:04', '2023-January-26', 'Logged In', '2023-01-26 14:38:04'),
(660, 1, 485, 'Sitti Azizah   ', 'YAHYA', 'JHS 9 Loyalty', 'Grade 9', 'Loyalty', '02:38:12', '2023-January-26', 'Logged Out', '2023-01-26 14:38:12'),
(661, 1, 324, 'Rhionne Fae R.  ', 'PAYOT', 'JHS 8 Humility', 'Grade 8', 'Humility', '03:18:31', '2023-January-26', 'Logged In', '2023-01-26 15:18:31'),
(662, 1, 432, 'Ryle Andrei A.  ', 'SECRETARIA', 'JHS 9 Justice', 'Grade 9', 'Justice', '08:46:36', '2023-January-27', 'Logged In', '2023-01-27 08:46:36'),
(663, 1, 408, 'Alyssa Marinelle B.  ', 'SY', 'JHS 9 Justice', 'Grade 9', 'Justice', '09:11:04', '2023-January-27', 'Logged In', '2023-01-27 09:11:04'),
(664, 1, 409, 'Santina Paula W.  ', 'RESPICIO', 'JHS 9 Justice', 'Grade 9', 'Justice', '09:11:09', '2023-January-27', 'Logged In', '2023-01-27 09:11:09'),
(665, 1, 410, 'Carleen Emily A.  ', 'REAS', 'JHS 9 Justice', 'Grade 9', 'Justice', '09:11:12', '2023-January-27', 'Logged In', '2023-01-27 09:11:12'),
(666, 1, 411, 'Roxie Jay B.  ', 'MORTIMER', 'JHS 9 Justice', 'Grade 9', 'Justice', '09:11:19', '2023-January-27', 'Logged In', '2023-01-27 09:11:19'),
(667, 1, 413, 'Dennisse Vielle L.  ', 'MATA', 'JHS 9 Justice', 'Grade 9', 'Justice', '09:11:31', '2023-January-27', 'Logged In', '2023-01-27 09:11:31'),
(668, 1, 412, 'Kiera Fabian D.  ', 'MERCADO', 'JHS 9 Justice', 'Grade 9', 'Justice', '09:11:38', '2023-January-27', 'Logged In', '2023-01-27 09:11:39'),
(669, 1, 501, 'Peter Daniel P.  ', 'TIMBAL', 'JHS 9 Modesty', 'Grade 9', 'Modesty', '09:17:29', '2023-January-27', 'Logged Out', '2023-01-27 09:17:29'),
(670, 1, 194, 'Anikka Ellyse F.  ', 'VERANO', 'JHS 7 Fortitude', 'Grade 7', 'Fortitude', '09:32:36', '2023-January-27', 'Logged In', '2023-01-27 09:32:36'),
(671, 1, 190, 'Samantha Sabina M.  ', 'MEJORADA', 'JHS 7 Fortitude', 'Grade 7', 'Fortitude', '09:35:09', '2023-January-27', 'Logged In', '2023-01-27 09:35:10'),
(672, 1, 628, 'Ioan Vincent B.  ', 'YU', 'JHS 10 Piety', 'Grade 10', 'Piety', '09:35:58', '2023-January-27', 'Logged In', '2023-01-27 09:35:58'),
(673, 1, 615, 'King Anthony I.  ', 'ESTEBAN', 'JHS 10 Piety', 'Grade 10', 'Piety', '09:36:31', '2023-January-27', 'Logged In', '2023-01-27 09:36:31'),
(674, 1, 166, 'Kenneth V.  ', 'BASAxS', 'JHS 7 Fortitude', 'Grade 7', 'Fortitude', '09:39:17', '2023-January-27', 'Logged In', '2023-01-27 09:39:17'),
(675, 1, 194, 'Anikka Ellyse F.  ', 'VERANO', 'JHS 7 Fortitude', 'Grade 7', 'Fortitude', '09:41:14', '2023-January-27', 'Logged Out', '2023-01-27 09:41:14'),
(676, 1, 453, 'Reighn Nicolai P.  ', 'ESTRADA', 'JHS 9 Loyalty', 'Grade 9', 'Loyalty', '09:41:43', '2023-January-27', 'Logged In', '2023-01-27 09:41:43'),
(677, 1, 461, 'Albert Anthony P.  ', 'SALVO', 'JHS 9 Loyalty', 'Grade 9', 'Loyalty', '09:42:07', '2023-January-27', 'Logged In', '2023-01-27 09:42:07'),
(678, 1, 457, 'Louise Ian Q.  ', 'MANGAO', 'JHS 9 Loyalty', 'Grade 9', 'Loyalty', '09:42:09', '2023-January-27', 'Logged In', '2023-01-27 09:42:09'),
(679, 1, 462, 'Vince Jacob D.  ', 'SORIANO', 'JHS 9 Loyalty', 'Grade 9', 'Loyalty', '09:42:13', '2023-January-27', 'Logged In', '2023-01-27 09:42:13'),
(680, 1, 465, 'Jeanwel Jhon C.  ', 'UGANG', 'JHS 9 Loyalty', 'Grade 9', 'Loyalty', '09:42:35', '2023-January-27', 'Logged In', '2023-01-27 09:42:35'),
(681, 1, 458, 'Matthew King M.  ', 'MAYMANAN', 'JHS 9 Loyalty', 'Grade 9', 'Loyalty', '09:42:45', '2023-January-27', 'Logged In', '2023-01-27 09:42:45'),
(682, 1, 335, 'Theo Elijah Paul D.  ', 'CADUAN', 'JHS 8 Integrity', 'Grade 8', 'Integrity', '09:43:25', '2023-January-27', 'Logged In', '2023-01-27 09:43:26'),
(683, 1, 334, 'Nathan Daniel   ', 'BOLAÑOS', 'JHS 8 Integrity', 'Grade 8', 'Integrity', '09:43:46', '2023-January-27', 'Logged In', '2023-01-27 09:43:46'),
(684, 1, 343, 'Enzo Tod Manuel C.  ', 'REYES', 'JHS 8 Integrity', 'Grade 8', 'Integrity', '09:43:53', '2023-January-27', 'Logged In', '2023-01-27 09:43:53'),
(685, 1, 367, 'John Harry A.  ', 'AROCHA', 'JHS 9 Joy', 'Grade 9', 'Joy', '09:44:54', '2023-January-27', 'Logged In', '2023-01-27 09:44:54'),
(686, 1, 402, 'Treskiah C.  ', 'ROSACAY', 'JHS 9 Joy', 'Grade 9', 'Joy', '09:45:00', '2023-January-27', 'Logged In', '2023-01-27 09:45:00'),
(687, 1, 392, 'Helaena G.  ', 'ESTEMAR', 'JHS 9 Joy', 'Grade 9', 'Joy', '09:45:07', '2023-January-27', 'Logged In', '2023-01-27 09:45:08'),
(688, 1, 193, 'Shan Tsen I.  *', 'TAN', 'JHS 7 Fortitude', 'Grade 7', 'Fortitude', '09:45:35', '2023-January-27', 'Logged In', '2023-01-27 09:45:35'),
(689, 1, 183, 'Samantha Lewis G.  ', 'BERMUDEZ', 'JHS 7 Fortitude', 'Grade 7', 'Fortitude', '09:45:56', '2023-January-27', 'Logged In', '2023-01-27 09:45:56'),
(690, 1, 458, 'Matthew King M.  ', 'MAYMANAN', 'JHS 9 Loyalty', 'Grade 9', 'Loyalty', '09:46:04', '2023-January-27', 'Logged Out', '2023-01-27 09:46:04'),
(691, 1, 465, 'Jeanwel Jhon C.  ', 'UGANG', 'JHS 9 Loyalty', 'Grade 9', 'Loyalty', '09:46:25', '2023-January-27', 'Logged Out', '2023-01-27 09:46:25'),
(692, 1, 343, 'Enzo Tod Manuel C.  ', 'REYES', 'JHS 8 Integrity', 'Grade 8', 'Integrity', '09:46:31', '2023-January-27', 'Logged Out', '2023-01-27 09:46:31'),
(693, 1, 335, 'Theo Elijah Paul D.  ', 'CADUAN', 'JHS 8 Integrity', 'Grade 8', 'Integrity', '09:46:43', '2023-January-27', 'Logged Out', '2023-01-27 09:46:43'),
(694, 1, 166, 'Kenneth V.  ', 'BASAxS', 'JHS 7 Fortitude', 'Grade 7', 'Fortitude', '09:46:56', '2023-January-27', 'Logged Out', '2023-01-27 09:46:56'),
(695, 1, 175, 'Joshua Uriel P.  ', 'MENCIDOR', 'JHS 7 Fortitude', 'Grade 7', 'Fortitude', '09:47:03', '2023-January-27', 'Logged In', '2023-01-27 09:47:03'),
(696, 1, 183, 'Samantha Lewis G.  ', 'BERMUDEZ', 'JHS 7 Fortitude', 'Grade 7', 'Fortitude', '09:47:04', '2023-January-27', 'Logged Out', '2023-01-27 09:47:04'),
(697, 1, 193, 'Shan Tsen I.  *', 'TAN', 'JHS 7 Fortitude', 'Grade 7', 'Fortitude', '09:47:05', '2023-January-27', 'Logged Out', '2023-01-27 09:47:05'),
(698, 1, 190, 'Samantha Sabina M.  ', 'MEJORADA', 'JHS 7 Fortitude', 'Grade 7', 'Fortitude', '09:47:15', '2023-January-27', 'Logged Out', '2023-01-27 09:47:15'),
(699, 1, 334, 'Nathan Daniel   ', 'BOLAÑOS', 'JHS 8 Integrity', 'Grade 8', 'Integrity', '09:47:33', '2023-January-27', 'Logged Out', '2023-01-27 09:47:33'),
(700, 1, 175, 'Joshua Uriel P.  ', 'MENCIDOR', 'JHS 7 Fortitude', 'Grade 7', 'Fortitude', '09:48:16', '2023-January-27', 'Logged Out', '2023-01-27 09:48:16'),
(701, 1, 457, 'Louise Ian Q.  ', 'MANGAO', 'JHS 9 Loyalty', 'Grade 9', 'Loyalty', '09:48:43', '2023-January-27', 'Logged Out', '2023-01-27 09:48:43'),
(702, 1, 547, 'Sharra Charm C.  ', 'BITAC', 'JHS 10 Patience', 'Grade 10', 'Patience', '02:02:50', '2023-January-27', 'Logged In', '2023-01-27 14:02:50'),
(703, 1, 716, 'Abigail Louise S.  ', 'CANO', 'JHS 10 Simplicity', 'Grade 10', 'Simplicity', '09:03:27', '2023-January-31', 'Logged In', '2023-01-31 09:03:27'),
(704, 1, 693, 'Marco Jo   ', 'ALBARRACIN', 'JHS 10 Simplicity', 'Grade 10', 'Simplicity', '09:04:09', '2023-January-31', 'Logged In', '2023-01-31 09:04:09'),
(705, 1, 694, 'Leo Andre T.  ', 'AMPARO', 'JHS 10 Simplicity', 'Grade 10', 'Simplicity', '09:08:30', '2023-January-31', 'Logged In', '2023-01-31 09:08:30'),
(706, 1, 635, 'Micah Racquel C.  ', 'DESCALLAR', 'JHS 10 Piety', 'Grade 10', 'Piety', '09:31:36', '2023-January-31', 'Logged In', '2023-01-31 09:31:36'),
(707, 1, 643, 'Jennilyn A.  ', 'REGALADO', 'JHS 10 Piety', 'Grade 10', 'Piety', '09:31:44', '2023-January-31', 'Logged In', '2023-01-31 09:31:44'),
(708, 1, 266, 'Rj Aden   ', 'CUNANAN', 'JHS 8 Hope', 'Grade 8', 'Hope', '09:33:37', '2023-January-31', 'Logged In', '2023-01-31 09:33:37'),
(709, 1, 465, 'Jeanwel Jhon C.  ', 'UGANG', 'JHS 9 Loyalty', 'Grade 9', 'Loyalty', '09:34:10', '2023-January-31', 'Logged In', '2023-01-31 09:34:10'),
(710, 1, 453, 'Reighn Nicolai P.  ', 'ESTRADA', 'JHS 9 Loyalty', 'Grade 9', 'Loyalty', '09:34:29', '2023-January-31', 'Logged Out', '2023-01-31 09:34:29'),
(711, 1, 461, 'Albert Anthony P.  ', 'SALVO', 'JHS 9 Loyalty', 'Grade 9', 'Loyalty', '09:34:35', '2023-January-31', 'Logged Out', '2023-01-31 09:34:35'),
(712, 1, 460, 'Jon Anthony D.  ', 'NOVENO', 'JHS 9 Loyalty', 'Grade 9', 'Loyalty', '09:34:43', '2023-January-31', 'Logged In', '2023-01-31 09:34:43'),
(713, 1, 266, 'Rj Aden   ', 'CUNANAN', 'JHS 8 Hope', 'Grade 8', 'Hope', '09:35:16', '2023-January-31', 'Logged Out', '2023-01-31 09:35:16'),
(714, 1, 458, 'Matthew King M.  ', 'MAYMANAN', 'JHS 9 Loyalty', 'Grade 9', 'Loyalty', '09:35:35', '2023-January-31', 'Logged In', '2023-01-31 09:35:35'),
(715, 1, 317, 'Ashley Rayah I.  ', 'GARCIA', 'JHS 8 Humility', 'Grade 8', 'Humility', '09:35:37', '2023-January-31', 'Logged In', '2023-01-31 09:35:37'),
(716, 1, 326, 'Amelia Lymsleia G.  ', 'PLATA', 'JHS 8 Humility', 'Grade 8', 'Humility', '09:36:10', '2023-January-31', 'Logged In', '2023-01-31 09:36:10'),
(717, 1, 322, 'Kristine Kate T.  ', 'NAVORA', 'JHS 8 Humility', 'Grade 8', 'Humility', '09:36:18', '2023-January-31', 'Logged In', '2023-01-31 09:36:18'),
(718, 1, 518, 'Rome Ysabelle A.  ', 'JERMIA', 'JHS 9 Modesty', 'Grade 9', 'Modesty', '09:36:57', '2023-January-31', 'Logged Out', '2023-01-31 09:36:58'),
(719, 1, 508, 'Christiana Blessa T.  ', 'BINGIL', 'JHS 9 Modesty', 'Grade 9', 'Modesty', '09:37:09', '2023-January-31', 'Logged Out', '2023-01-31 09:37:09'),
(720, 1, 224, 'Kenna Avery A.  ', 'QUIAMBAO', 'JHS 8 Generosity', 'Grade 8', 'Generosity', '09:37:31', '2023-January-31', 'Logged In', '2023-01-31 09:37:31'),
(721, 1, 441, 'Jian Franco P.  ', 'DOQUELIS', 'JHS 9 Justice', 'Grade 9', 'Justice', '09:38:03', '2023-January-31', 'Logged In', '2023-01-31 09:38:03'),
(722, 1, 440, 'Muhammad Jahmal U.  ', 'JANI', 'JHS 9 Justice', 'Grade 9', 'Justice', '09:38:15', '2023-January-31', 'Logged In', '2023-01-31 09:38:15'),
(723, 1, 643, 'Jennilyn A.  ', 'REGALADO', 'JHS 10 Piety', 'Grade 10', 'Piety', '09:39:46', '2023-January-31', 'Logged Out', '2023-01-31 09:39:46'),
(724, 1, 458, 'Matthew King M.  ', 'MAYMANAN', 'JHS 9 Loyalty', 'Grade 9', 'Loyalty', '09:40:39', '2023-January-31', 'Logged Out', '2023-01-31 09:40:39'),
(725, 1, 441, 'Jian Franco P.  ', 'DOQUELIS', 'JHS 9 Justice', 'Grade 9', 'Justice', '09:40:50', '2023-January-31', 'Logged Out', '2023-01-31 09:40:50'),
(726, 1, 440, 'Muhammad Jahmal U.  ', 'JANI', 'JHS 9 Justice', 'Grade 9', 'Justice', '09:40:53', '2023-January-31', 'Logged Out', '2023-01-31 09:40:53'),
(727, 1, 326, 'Amelia Lymsleia G.  ', 'PLATA', 'JHS 8 Humility', 'Grade 8', 'Humility', '09:40:56', '2023-January-31', 'Logged Out', '2023-01-31 09:40:56'),
(728, 1, 322, 'Kristine Kate T.  ', 'NAVORA', 'JHS 8 Humility', 'Grade 8', 'Humility', '09:40:58', '2023-January-31', 'Logged Out', '2023-01-31 09:40:58'),
(729, 1, 461, 'Albert Anthony P.  ', 'SALVO', 'JHS 9 Loyalty', 'Grade 9', 'Loyalty', '09:41:31', '2023-January-31', 'Logged In', '2023-01-31 09:41:31'),
(730, 1, 453, 'Reighn Nicolai P.  ', 'ESTRADA', 'JHS 9 Loyalty', 'Grade 9', 'Loyalty', '09:41:41', '2023-January-31', 'Logged In', '2023-01-31 09:41:41'),
(731, 1, 460, 'Jon Anthony D.  ', 'NOVENO', 'JHS 9 Loyalty', 'Grade 9', 'Loyalty', '09:41:42', '2023-January-31', 'Logged Out', '2023-01-31 09:41:42'),
(732, 1, 530, 'Abe Matthew K.  ', 'CHUA', 'JHS 10 Patience', 'Grade 10', 'Patience', '09:41:54', '2023-January-31', 'Logged In', '2023-01-31 09:41:54'),
(733, 1, 367, 'John Harry A.  ', 'AROCHA', 'JHS 9 Joy', 'Grade 9', 'Joy', '09:42:32', '2023-January-31', 'Logged Out', '2023-01-31 09:42:32'),
(734, 1, 475, 'Carmela Marie G.  ', 'FUENTES', 'JHS 9 Loyalty', 'Grade 9', 'Loyalty', '09:42:37', '2023-January-31', 'Logged In', '2023-01-31 09:42:37'),
(735, 1, 401, 'Rheana Audrey C.  ', 'RODRIGO', 'JHS 9 Joy', 'Grade 9', 'Joy', '09:42:41', '2023-January-31', 'Logged In', '2023-01-31 09:42:41'),
(736, 1, 378, 'Karl Anthony L.  ', 'MOLADO', 'JHS 9 Joy', 'Grade 9', 'Joy', '09:42:51', '2023-January-31', 'Logged In', '2023-01-31 09:42:51'),
(737, 1, 371, 'Tyrone Miguel T.  ', 'CRUZ', 'JHS 9 Joy', 'Grade 9', 'Joy', '09:43:06', '2023-January-31', 'Logged In', '2023-01-31 09:43:06'),
(738, 1, 376, 'Roland Ivan M.  ', 'LAGAPA', 'JHS 9 Joy', 'Grade 9', 'Joy', '09:43:19', '2023-January-31', 'Logged In', '2023-01-31 09:43:19'),
(739, 1, 508, 'Christiana Blessa T.  ', 'BINGIL', 'JHS 9 Modesty', 'Grade 9', 'Modesty', '09:44:02', '2023-January-31', 'Logged In', '2023-01-31 09:44:02'),
(740, 1, 518, 'Rome Ysabelle A.  ', 'JERMIA', 'JHS 9 Modesty', 'Grade 9', 'Modesty', '09:44:04', '2023-January-31', 'Logged In', '2023-01-31 09:44:04'),
(741, 1, 465, 'Jeanwel Jhon C.  ', 'UGANG', 'JHS 9 Loyalty', 'Grade 9', 'Loyalty', '09:44:35', '2023-January-31', 'Logged Out', '2023-01-31 09:44:35'),
(742, 1, 378, 'Karl Anthony L.  ', 'MOLADO', 'JHS 9 Joy', 'Grade 9', 'Joy', '09:44:40', '2023-January-31', 'Logged Out', '2023-01-31 09:44:40'),
(743, 1, 376, 'Roland Ivan M.  ', 'LAGAPA', 'JHS 9 Joy', 'Grade 9', 'Joy', '09:44:44', '2023-January-31', 'Logged Out', '2023-01-31 09:44:44'),
(744, 1, 371, 'Tyrone Miguel T.  ', 'CRUZ', 'JHS 9 Joy', 'Grade 9', 'Joy', '09:44:54', '2023-January-31', 'Logged Out', '2023-01-31 09:44:54'),
(745, 1, 88, 'Jordan Dwyane A.  	', 'GARCIA', 'JHS 7 Chastity', 'Grade 7', 'Chastity', '09:44:56', '2023-January-31', 'Logged In', '2023-01-31 09:44:56'),
(746, 1, 317, 'Ashley Rayah I.  ', 'GARCIA', 'JHS 8 Humility', 'Grade 8', 'Humility', '09:45:28', '2023-January-31', 'Logged Out', '2023-01-31 09:45:28'),
(747, 1, 367, 'John Harry A.  ', 'AROCHA', 'JHS 9 Joy', 'Grade 9', 'Joy', '09:48:24', '2023-January-31', 'Logged In', '2023-01-31 09:48:24'),
(748, 1, 475, 'Carmela Marie G.  ', 'FUENTES', 'JHS 9 Loyalty', 'Grade 9', 'Loyalty', '09:48:26', '2023-January-31', 'Logged Out', '2023-01-31 09:48:26'),
(749, 1, 401, 'Rheana Audrey C.  ', 'RODRIGO', 'JHS 9 Joy', 'Grade 9', 'Joy', '09:48:32', '2023-January-31', 'Logged Out', '2023-01-31 09:48:32'),
(750, 1, 194, 'Anikka Ellyse F.  ', 'VERANO', 'JHS 7 Fortitude', 'Grade 7', 'Fortitude', '09:37:07', '2023-February-03', 'Logged In', '2023-02-03 09:37:07'),
(751, 1, 194, 'Anikka Ellyse F.  ', 'VERANO', 'JHS 7 Fortitude', 'Grade 7', 'Fortitude', '09:38:25', '2023-February-03', 'Logged Out', '2023-02-03 09:38:25'),
(752, 1, 175, 'Joshua Uriel P.  ', 'MENCIDOR', 'JHS 7 Fortitude', 'Grade 7', 'Fortitude', '09:41:15', '2023-February-03', 'Logged In', '2023-02-03 09:41:15'),
(753, 1, 150, 'Isabelle Rae D.S.  	', 'BATU', 'JHS 7 Faith', 'Grade 7', 'Faith', '09:42:59', '2023-February-03', 'Logged In', '2023-02-03 09:42:59'),
(754, 1, 166, 'Kenneth V.  ', 'BASAÑES', 'JHS 7 Fortitude', 'Grade 7', 'Fortitude', '09:43:52', '2023-February-03', 'Logged In', '2023-02-03 09:43:52'),
(755, 1, 175, 'Joshua Uriel P.  ', 'MENCIDOR', 'JHS 7 Fortitude', 'Grade 7', 'Fortitude', '09:50:03', '2023-February-03', 'Logged Out', '2023-02-03 09:50:03'),
(756, 1, 166, 'Kenneth V.  ', 'BASAÑES', 'JHS 7 Fortitude', 'Grade 7', 'Fortitude', '09:50:47', '2023-February-03', 'Logged Out', '2023-02-03 09:50:47'),
(757, 1, 150, 'Isabelle Rae D.S.  	', 'BATU', 'JHS 7 Faith', 'Grade 7', 'Faith', '09:51:38', '2023-February-03', 'Logged Out', '2023-02-03 09:51:38'),
(758, 1, 643, 'Jennilyn A.  ', 'REGALADO', 'JHS 10 Piety', 'Grade 10', 'Piety', '11:00:23', '2023-February-03', 'Logged In', '2023-02-03 11:00:23'),
(759, 1, 615, 'King Anthony I.  ', 'ESTEBAN', 'JHS 10 Piety', 'Grade 10', 'Piety', '11:00:33', '2023-February-03', 'Logged Out', '2023-02-03 11:00:33'),
(760, 1, 643, 'Jennilyn A.  ', 'REGALADO', 'JHS 10 Piety', 'Grade 10', 'Piety', '11:01:38', '2023-February-03', 'Logged Out', '2023-02-03 11:01:38'),
(761, 1, 615, 'King Anthony I.  ', 'ESTEBAN', 'JHS 10 Piety', 'Grade 10', 'Piety', '11:01:46', '2023-February-03', 'Logged In', '2023-02-03 11:01:46'),
(762, 1, 162, 'Yvaine Angeli G.  *	', 'SIMBAJON', 'JHS 7 Faith', 'Grade 7', 'Faith', '09:30:49', '2023-February-07', 'Logged In', '2023-02-07 09:30:49'),
(763, 1, 150, 'Isabelle Rae D.S.  	', 'BATU', 'JHS 7 Faith', 'Grade 7', 'Faith', '09:33:07', '2023-February-07', 'Logged In', '2023-02-07 09:33:07'),
(764, 1, 169, 'Jansen Kaye C.  *', 'CASTAÑARES', 'JHS 7 Fortitude', 'Grade 7', 'Fortitude', '09:33:18', '2023-February-07', 'Logged In', '2023-02-07 09:33:18'),
(765, 1, 162, 'Yvaine Angeli G.  *	', 'SIMBAJON', 'JHS 7 Faith', 'Grade 7', 'Faith', '09:34:57', '2023-February-07', 'Logged Out', '2023-02-07 09:34:57'),
(766, 1, 643, 'Jennilyn A.  ', 'REGALADO', 'JHS 10 Piety', 'Grade 10', 'Piety', '09:37:00', '2023-February-07', 'Logged In', '2023-02-07 09:37:00'),
(767, 1, 317, 'Ashley Rayah I.  ', 'GARCIA', 'JHS 8 Humility', 'Grade 8', 'Humility', '09:37:19', '2023-February-07', 'Logged In', '2023-02-07 09:37:19'),
(768, 1, 317, 'Ashley Rayah I.  ', 'GARCIA', 'JHS 8 Humility', 'Grade 8', 'Humility', '09:38:39', '2023-February-07', 'Logged Out', '2023-02-07 09:38:39'),
(769, 1, 166, 'Kenneth V.  ', 'BASAÑES', 'JHS 7 Fortitude', 'Grade 7', 'Fortitude', '09:46:39', '2023-February-07', 'Logged In', '2023-02-07 09:46:39'),
(770, 1, 169, 'Jansen Kaye C.  *', 'CASTAÑARES', 'JHS 7 Fortitude', 'Grade 7', 'Fortitude', '09:47:09', '2023-February-07', 'Logged Out', '2023-02-07 09:47:10'),
(771, 1, 150, 'Isabelle Rae D.S.  	', 'BATU', 'JHS 7 Faith', 'Grade 7', 'Faith', '09:47:33', '2023-February-07', 'Logged Out', '2023-02-07 09:47:33'),
(772, 1, 166, 'Kenneth V.  ', 'BASAÑES', 'JHS 7 Fortitude', 'Grade 7', 'Fortitude', '09:48:20', '2023-February-07', 'Logged Out', '2023-02-07 09:48:20'),
(773, 1, 598, 'Julianne Lexy O.  ', 'GONZALES', 'JHS 10 Peace', 'Grade 10', 'Peace', '09:34:29', '2023-February-09', 'Logged In', '2023-02-09 09:34:29'),
(774, 1, 590, 'Khiarra Crystal L.  ', 'CASTILLO', 'JHS 10 Peace', 'Grade 10', 'Peace', '09:34:32', '2023-February-09', 'Logged In', '2023-02-09 09:34:32'),
(775, 1, 586, 'Raika Charmel D.  ', 'ALAS', 'JHS 10 Peace', 'Grade 10', 'Peace', '09:34:35', '2023-February-09', 'Logged In', '2023-02-09 09:34:35'),
(776, 1, 587, 'Jaedine C.  ', 'BUHIA', 'JHS 10 Peace', 'Grade 10', 'Peace', '09:34:41', '2023-February-09', 'Logged In', '2023-02-09 09:34:41'),
(777, 1, 461, 'Albert Anthony P.  ', 'SALVO', 'JHS 9 Loyalty', 'Grade 9', 'Loyalty', '09:41:55', '2023-February-09', 'Logged In', '2023-02-09 09:41:55');
INSERT INTO `attn_tbl` (`id`, `admin_id`, `code_id`, `name`, `lastname`, `level`, `grade_level`, `section`, `time`, `datename`, `status`, `date`) VALUES
(778, 1, 453, 'Reighn Nicolai P.  ', 'ESTRADA', 'JHS 9 Loyalty', 'Grade 9', 'Loyalty', '09:42:06', '2023-February-09', 'Logged In', '2023-02-09 09:42:06'),
(779, 1, 427, 'Aeddan Lance D.', 'ZAPANTA', 'JHS 9 Justice', 'Grade 9', 'Justice', '09:44:40', '2023-February-09', 'Logged In', '2023-02-09 09:44:40'),
(780, 1, 443, 'Darilo E.  ', 'BUTONG', 'JHS 9 Justice', 'Grade 9', 'Justice', '09:44:55', '2023-February-09', 'Logged In', '2023-02-09 09:44:55'),
(781, 1, 465, 'Jeanwel Jhon C.  ', 'UGANG', 'JHS 9 Loyalty', 'Grade 9', 'Loyalty', '09:45:30', '2023-February-09', 'Logged In', '2023-02-09 09:45:30'),
(782, 1, 648, 'Joana Angela L.  ', 'TAGALOG', 'JHS 10 Piety', 'Grade 10', 'Piety', '09:45:40', '2023-February-09', 'Logged In', '2023-02-09 09:45:40'),
(783, 1, 635, 'Micah Racquel C.  ', 'DESCALLAR', 'JHS 10 Piety', 'Grade 10', 'Piety', '09:45:42', '2023-February-09', 'Logged In', '2023-02-09 09:45:42'),
(784, 1, 648, 'Joana Angela L.  ', 'TAGALOG', 'JHS 10 Piety', 'Grade 10', 'Piety', '09:46:55', '2023-February-09', 'Logged Out', '2023-02-09 09:46:55'),
(785, 1, 635, 'Micah Racquel C.  ', 'DESCALLAR', 'JHS 10 Piety', 'Grade 10', 'Piety', '09:46:56', '2023-February-09', 'Logged Out', '2023-02-09 09:46:56'),
(786, 1, 590, 'Khiarra Crystal L.  ', 'CASTILLO', 'JHS 10 Peace', 'Grade 10', 'Peace', '09:50:24', '2023-February-09', 'Logged Out', '2023-02-09 09:50:24'),
(787, 1, 598, 'Julianne Lexy O.  ', 'GONZALES', 'JHS 10 Peace', 'Grade 10', 'Peace', '09:50:26', '2023-February-09', 'Logged Out', '2023-02-09 09:50:26'),
(788, 1, 586, 'Raika Charmel D.  ', 'ALAS', 'JHS 10 Peace', 'Grade 10', 'Peace', '09:50:34', '2023-February-09', 'Logged Out', '2023-02-09 09:50:34'),
(789, 1, 587, 'Jaedine C.  ', 'BUHIA', 'JHS 10 Peace', 'Grade 10', 'Peace', '09:50:36', '2023-February-09', 'Logged Out', '2023-02-09 09:50:37'),
(790, 1, 162, 'Yvaine Angeli G.  *	', 'SIMBAJON', 'JHS 7 Faith', 'Grade 7', 'Faith', '02:27:43', '2023-February-09', 'Logged In', '2023-02-09 14:27:43'),
(791, 1, 147, 'Kenno L.  	', 'VALDEZ', 'JHS 7 Faith', 'Grade 7', 'Faith', '02:27:47', '2023-February-09', 'Logged In', '2023-02-09 14:27:47'),
(792, 1, 147, 'Kenno L.  	', 'VALDEZ', 'JHS 7 Faith', 'Grade 7', 'Faith', '08:14:09', '2023-February-10', 'Logged Out', '2023-02-10 08:14:09'),
(793, 1, 175, 'Joshua Uriel P.  ', 'MENCIDOR', 'JHS 7 Fortitude', 'Grade 7', 'Fortitude', '09:29:07', '2023-February-10', 'Logged In', '2023-02-10 09:29:07'),
(794, 1, 175, 'Joshua Uriel P.  ', 'MENCIDOR', 'JHS 7 Fortitude', 'Grade 7', 'Fortitude', '09:30:39', '2023-February-10', 'Logged Out', '2023-02-10 09:30:39'),
(795, 1, 190, 'Samantha Sabina M.  ', 'MEJORADA', 'JHS 7 Fortitude', 'Grade 7', 'Fortitude', '09:32:27', '2023-February-10', 'Logged In', '2023-02-10 09:32:27'),
(796, 1, 183, 'Samantha Lewis G.  ', 'BERMUDEZ', 'JHS 7 Fortitude', 'Grade 7', 'Fortitude', '09:32:42', '2023-February-10', 'Logged In', '2023-02-10 09:32:42'),
(797, 1, 192, 'Keziah Vhailette E.  ', 'ROTULO', 'JHS 7 Fortitude', 'Grade 7', 'Fortitude', '09:33:23', '2023-February-10', 'Logged In', '2023-02-10 09:33:23'),
(798, 1, 188, 'Erin   ', 'HERMOSURA', 'JHS 7 Fortitude', 'Grade 7', 'Fortitude', '09:33:55', '2023-February-10', 'Logged In', '2023-02-10 09:33:55'),
(799, 1, 617, 'Elms Felric M.  ', 'FIGURA', 'JHS 10 Piety', 'Grade 10', 'Piety', '09:35:06', '2023-February-10', 'Logged In', '2023-02-10 09:35:06'),
(800, 1, 627, 'Gavreel Sebastian S.  ', 'UY', 'JHS 10 Piety', 'Grade 10', 'Piety', '09:35:09', '2023-February-10', 'Logged In', '2023-02-10 09:35:09'),
(801, 1, 618, 'Joses L.  ', 'FIGURACION', 'JHS 10 Piety', 'Grade 10', 'Piety', '09:35:19', '2023-February-10', 'Logged In', '2023-02-10 09:35:19'),
(802, 1, 88, 'Jordan Dwyane A.  	', 'GARCIA', 'JHS 7 Chastity', 'Grade 7', 'Chastity', '09:36:17', '2023-February-10', 'Logged In', '2023-02-10 09:36:17'),
(803, 1, 617, 'Elms Felric M.  ', 'FIGURA', 'JHS 10 Piety', 'Grade 10', 'Piety', '09:37:05', '2023-February-10', 'Logged Out', '2023-02-10 09:37:05'),
(804, 1, 618, 'Joses L.  ', 'FIGURACION', 'JHS 10 Piety', 'Grade 10', 'Piety', '09:37:10', '2023-February-10', 'Logged Out', '2023-02-10 09:37:10'),
(805, 1, 627, 'Gavreel Sebastian S.  ', 'UY', 'JHS 10 Piety', 'Grade 10', 'Piety', '09:37:12', '2023-February-10', 'Logged Out', '2023-02-10 09:37:12'),
(806, 1, 166, 'Kenneth V.  ', 'BASAÑES', 'JHS 7 Fortitude', 'Grade 7', 'Fortitude', '09:38:46', '2023-February-10', 'Logged In', '2023-02-10 09:38:46'),
(807, 1, 732, 'Anthonneth Nicole V.  ', 'VILLARTE', 'JHS 10 Simplicity', 'Grade 10', 'Simplicity', '09:39:09', '2023-February-10', 'Logged In', '2023-02-10 09:39:09'),
(808, 1, 733, 'Jihana A.  ', 'WATANABE', 'JHS 10 Simplicity', 'Grade 10', 'Simplicity', '09:39:16', '2023-February-10', 'Logged In', '2023-02-10 09:39:16'),
(809, 1, 716, 'Abigail Louise S.  ', 'CANO', 'JHS 10 Simplicity', 'Grade 10', 'Simplicity', '09:39:44', '2023-February-10', 'Logged In', '2023-02-10 09:39:44'),
(810, 1, 150, 'Isabelle Rae D.S.  	', 'BATU', 'JHS 7 Faith', 'Grade 7', 'Faith', '09:40:33', '2023-February-10', 'Logged In', '2023-02-10 09:40:33'),
(811, 1, 732, 'Anthonneth Nicole V.  ', 'VILLARTE', 'JHS 10 Simplicity', 'Grade 10', 'Simplicity', '09:40:38', '2023-February-10', 'Logged Out', '2023-02-10 09:40:38'),
(812, 1, 733, 'Jihana A.  ', 'WATANABE', 'JHS 10 Simplicity', 'Grade 10', 'Simplicity', '09:40:44', '2023-February-10', 'Logged Out', '2023-02-10 09:40:44'),
(813, 1, 716, 'Abigail Louise S.  ', 'CANO', 'JHS 10 Simplicity', 'Grade 10', 'Simplicity', '09:40:51', '2023-February-10', 'Logged Out', '2023-02-10 09:40:51'),
(814, 1, 190, 'Samantha Sabina M.  ', 'MEJORADA', 'JHS 7 Fortitude', 'Grade 7', 'Fortitude', '09:43:04', '2023-February-10', 'Logged Out', '2023-02-10 09:43:04'),
(815, 1, 183, 'Samantha Lewis G.  ', 'BERMUDEZ', 'JHS 7 Fortitude', 'Grade 7', 'Fortitude', '09:44:20', '2023-February-10', 'Logged Out', '2023-02-10 09:44:20'),
(816, 1, 192, 'Keziah Vhailette E.  ', 'ROTULO', 'JHS 7 Fortitude', 'Grade 7', 'Fortitude', '09:44:42', '2023-February-10', 'Logged Out', '2023-02-10 09:44:42'),
(817, 1, 188, 'Erin   ', 'HERMOSURA', 'JHS 7 Fortitude', 'Grade 7', 'Fortitude', '09:44:52', '2023-February-10', 'Logged Out', '2023-02-10 09:44:52'),
(818, 1, 88, 'Jordan Dwyane A.  	', 'GARCIA', 'JHS 7 Chastity', 'Grade 7', 'Chastity', '09:45:27', '2023-February-10', 'Logged Out', '2023-02-10 09:45:27'),
(819, 1, 166, 'Kenneth V.  ', 'BASAÑES', 'JHS 7 Fortitude', 'Grade 7', 'Fortitude', '09:45:43', '2023-February-10', 'Logged Out', '2023-02-10 09:45:43'),
(820, 1, 150, 'Isabelle Rae D.S.  	', 'BATU', 'JHS 7 Faith', 'Grade 7', 'Faith', '09:52:30', '2023-February-10', 'Logged Out', '2023-02-10 09:52:30'),
(821, 1, 166, 'Kenneth V.  ', 'BASAÑES', 'JHS 7 Fortitude', 'Grade 7', 'Fortitude', '09:34:06', '2023-February-14', 'Logged In', '2023-02-14 09:34:06'),
(822, 1, 317, 'Ashley Rayah I.  ', 'GARCIA', 'JHS 8 Humility', 'Grade 8', 'Humility', '09:34:23', '2023-February-14', 'Logged In', '2023-02-14 09:34:23'),
(823, 1, 393, 'Alijhana Faith P.  ', 'ESTIBAR', 'JHS 9 Joy', 'Grade 9', 'Joy', '09:35:06', '2023-February-14', 'Logged In', '2023-02-14 09:35:06'),
(824, 1, 166, 'Kenneth V.  ', 'BASAÑES', 'JHS 7 Fortitude', 'Grade 7', 'Fortitude', '09:36:09', '2023-February-14', 'Logged Out', '2023-02-14 09:36:09'),
(825, 1, 150, 'Isabelle Rae D.S.  	', 'BATU', 'JHS 7 Faith', 'Grade 7', 'Faith', '09:36:35', '2023-February-14', 'Logged In', '2023-02-14 09:36:35'),
(826, 1, 317, 'Ashley Rayah I.  ', 'GARCIA', 'JHS 8 Humility', 'Grade 8', 'Humility', '09:36:43', '2023-February-14', 'Logged Out', '2023-02-14 09:36:43'),
(827, 1, 590, 'Khiarra Crystal L.  ', 'CASTILLO', 'JHS 10 Peace', 'Grade 10', 'Peace', '09:37:00', '2023-February-14', 'Logged In', '2023-02-14 09:37:00'),
(828, 1, 598, 'Julianne Lexy O.  ', 'GONZALES', 'JHS 10 Peace', 'Grade 10', 'Peace', '09:37:04', '2023-February-14', 'Logged In', '2023-02-14 09:37:04'),
(829, 1, 402, 'Treskiah C.  ', 'ROSACAY', 'JHS 9 Joy', 'Grade 9', 'Joy', '09:37:07', '2023-February-14', 'Logged In', '2023-02-14 09:37:07'),
(830, 1, 392, 'Helaena G.  ', 'ESTEMAR', 'JHS 9 Joy', 'Grade 9', 'Joy', '09:37:12', '2023-February-14', 'Logged In', '2023-02-14 09:37:12'),
(831, 1, 190, 'Samantha Sabina M.  ', 'MEJORADA', 'JHS 7 Fortitude', 'Grade 7', 'Fortitude', '09:37:17', '2023-February-14', 'Logged In', '2023-02-14 09:37:17'),
(832, 1, 88, 'Jordan Dwyane A.  	', 'GARCIA', 'JHS 7 Chastity', 'Grade 7', 'Chastity', '09:37:57', '2023-February-14', 'Logged In', '2023-02-14 09:37:57'),
(833, 1, 400, 'Venice Marie B.  ', 'QUIÑON', 'JHS 9 Joy', 'Grade 9', 'Joy', '09:38:47', '2023-February-14', 'Logged In', '2023-02-14 09:38:47'),
(834, 1, 586, 'Raika Charmel D.  ', 'ALAS', 'JHS 10 Peace', 'Grade 10', 'Peace', '09:38:51', '2023-February-14', 'Logged In', '2023-02-14 09:38:51'),
(835, 1, 587, 'Jaedine C.  ', 'BUHIA', 'JHS 10 Peace', 'Grade 10', 'Peace', '09:38:57', '2023-February-14', 'Logged In', '2023-02-14 09:38:57'),
(836, 1, 395, 'Samantha Rey C.  ', 'LARUTIN', 'JHS 9 Joy', 'Grade 9', 'Joy', '09:39:21', '2023-February-14', 'Logged In', '2023-02-14 09:39:21'),
(837, 1, 376, 'Roland Ivan M.  ', 'LAGAPA', 'JHS 9 Joy', 'Grade 9', 'Joy', '09:39:23', '2023-February-14', 'Logged In', '2023-02-14 09:39:23'),
(838, 1, 403, 'Stellar N.  ', 'SALES', 'JHS 9 Joy', 'Grade 9', 'Joy', '09:39:25', '2023-February-14', 'Logged In', '2023-02-14 09:39:25'),
(839, 1, 391, 'Lois Angelica Marie C.  *', 'ENRIQUEZ', 'JHS 9 Joy', 'Grade 9', 'Joy', '09:39:33', '2023-February-14', 'Logged In', '2023-02-14 09:39:34'),
(840, 1, 388, 'Rianne Leigh L.  ', 'DACAY', 'JHS 9 Joy', 'Grade 9', 'Joy', '09:39:37', '2023-February-14', 'Logged In', '2023-02-14 09:39:37'),
(841, 1, 378, 'Karl Anthony L.  ', 'MOLADO', 'JHS 9 Joy', 'Grade 9', 'Joy', '09:39:37', '2023-February-14', 'Logged In', '2023-02-14 09:39:37'),
(842, 1, 404, 'Denise Beatrice C.  ', 'SICCIO', 'JHS 9 Joy', 'Grade 9', 'Joy', '09:40:14', '2023-February-14', 'Logged In', '2023-02-14 09:40:14'),
(843, 1, 398, 'Julia Margarita S.  ', 'PADILLA', 'JHS 9 Joy', 'Grade 9', 'Joy', '09:40:18', '2023-February-14', 'Logged In', '2023-02-14 09:40:18'),
(844, 1, 487, 'Kian Tayshaun D.  ', 'BITACURA', 'JHS 9 Modesty', 'Grade 9', 'Modesty', '09:40:23', '2023-February-14', 'Logged In', '2023-02-14 09:40:23'),
(845, 1, 443, 'Darilo E.  ', 'BUTONG', 'JHS 9 Justice', 'Grade 9', 'Justice', '09:40:47', '2023-February-14', 'Logged Out', '2023-02-14 09:40:47'),
(846, 1, 88, 'Jordan Dwyane A.  	', 'GARCIA', 'JHS 7 Chastity', 'Grade 7', 'Chastity', '09:40:53', '2023-February-14', 'Logged Out', '2023-02-14 09:40:53'),
(847, 1, 376, 'Roland Ivan M.  ', 'LAGAPA', 'JHS 9 Joy', 'Grade 9', 'Joy', '09:41:13', '2023-February-14', 'Logged Out', '2023-02-14 09:41:13'),
(848, 1, 615, 'King Anthony I.  ', 'ESTEBAN', 'JHS 10 Piety', 'Grade 10', 'Piety', '09:41:21', '2023-February-14', 'Logged In', '2023-02-14 09:41:21'),
(849, 1, 427, 'Aeddan Lance D.', 'ZAPANTA', 'JHS 9 Justice', 'Grade 9', 'Justice', '09:41:30', '2023-February-14', 'Logged Out', '2023-02-14 09:41:30'),
(850, 1, 190, 'Samantha Sabina M.  ', 'MEJORADA', 'JHS 7 Fortitude', 'Grade 7', 'Fortitude', '09:41:35', '2023-February-14', 'Logged Out', '2023-02-14 09:41:35'),
(851, 1, 401, 'Rheana Audrey C.  ', 'RODRIGO', 'JHS 9 Joy', 'Grade 9', 'Joy', '09:43:16', '2023-February-14', 'Logged In', '2023-02-14 09:43:16'),
(852, 1, 367, 'John Harry A.  ', 'AROCHA', 'JHS 9 Joy', 'Grade 9', 'Joy', '09:43:28', '2023-February-14', 'Logged In', '2023-02-14 09:43:28'),
(853, 1, 590, 'Khiarra Crystal L.  ', 'CASTILLO', 'JHS 10 Peace', 'Grade 10', 'Peace', '09:45:21', '2023-February-14', 'Logged Out', '2023-02-14 09:45:21'),
(854, 1, 598, 'Julianne Lexy O.  ', 'GONZALES', 'JHS 10 Peace', 'Grade 10', 'Peace', '09:45:27', '2023-February-14', 'Logged Out', '2023-02-14 09:45:27'),
(855, 1, 587, 'Jaedine C.  ', 'BUHIA', 'JHS 10 Peace', 'Grade 10', 'Peace', '09:45:33', '2023-February-14', 'Logged Out', '2023-02-14 09:45:33'),
(856, 1, 586, 'Raika Charmel D.  ', 'ALAS', 'JHS 10 Peace', 'Grade 10', 'Peace', '09:45:42', '2023-February-14', 'Logged Out', '2023-02-14 09:45:42'),
(857, 1, 499, 'Jaskaran   ', 'SINGH', 'JHS 9 Modesty', 'Grade 9', 'Modesty', '09:48:18', '2023-February-14', 'Logged In', '2023-02-14 09:48:18'),
(858, 1, 487, 'Kian Tayshaun D.  ', 'BITACURA', 'JHS 9 Modesty', 'Grade 9', 'Modesty', '09:48:22', '2023-February-14', 'Logged Out', '2023-02-14 09:48:22'),
(859, 1, 378, 'Karl Anthony L.  ', 'MOLADO', 'JHS 9 Joy', 'Grade 9', 'Joy', '09:48:34', '2023-February-14', 'Logged Out', '2023-02-14 09:48:34'),
(860, 1, 150, 'Isabelle Rae D.S.  	', 'BATU', 'JHS 7 Faith', 'Grade 7', 'Faith', '09:48:37', '2023-February-14', 'Logged Out', '2023-02-14 09:48:37'),
(861, 1, 376, 'Roland Ivan M.  ', 'LAGAPA', 'JHS 9 Joy', 'Grade 9', 'Joy', '09:49:14', '2023-February-14', 'Logged In', '2023-02-14 09:49:14'),
(862, 1, 367, 'John Harry A.  ', 'AROCHA', 'JHS 9 Joy', 'Grade 9', 'Joy', '09:49:51', '2023-February-14', 'Logged Out', '2023-02-14 09:49:51'),
(863, 1, 401, 'Rheana Audrey C.  ', 'RODRIGO', 'JHS 9 Joy', 'Grade 9', 'Joy', '09:49:58', '2023-February-14', 'Logged Out', '2023-02-14 09:49:58'),
(864, 1, 367, 'John Harry A.  ', 'AROCHA', 'JHS 9 Joy', 'Grade 9', 'Joy', '11:04:17', '2023-February-14', 'Logged In', '2023-02-14 11:04:17'),
(865, 1, 366, 'Kyle Maveriel C.  ', 'ALFEREZ', 'JHS 9 Joy', 'Grade 9', 'Joy', '11:04:24', '2023-February-14', 'Logged In', '2023-02-14 11:04:24'),
(866, 1, 371, 'Tyrone Miguel T.  ', 'CRUZ', 'JHS 9 Joy', 'Grade 9', 'Joy', '11:04:26', '2023-February-14', 'Logged In', '2023-02-14 11:04:26'),
(867, 1, 369, 'Ashlee G.  ', 'BOUFFARD', 'JHS 9 Joy', 'Grade 9', 'Joy', '11:04:41', '2023-February-14', 'Logged In', '2023-02-14 11:04:41'),
(868, 1, 370, 'Giann Mathieu Joanes M.  ', 'CAGAPE', 'JHS 9 Joy', 'Grade 9', 'Joy', '11:04:44', '2023-February-14', 'Logged In', '2023-02-14 11:04:44'),
(869, 1, 373, 'Robert Rhey T.  ', 'DIAZ', 'JHS 9 Joy', 'Grade 9', 'Joy', '11:04:51', '2023-February-14', 'Logged In', '2023-02-14 11:04:51'),
(870, 1, 375, 'Dahryll J.  ', 'HITEROZA', 'JHS 9 Joy', 'Grade 9', 'Joy', '11:04:56', '2023-February-14', 'Logged In', '2023-02-14 11:04:56'),
(871, 1, 374, 'Elijah Earl A.  ', 'GALICIA', 'JHS 9 Joy', 'Grade 9', 'Joy', '11:04:58', '2023-February-14', 'Logged In', '2023-02-14 11:04:58'),
(872, 1, 378, 'Karl Anthony L.  ', 'MOLADO', 'JHS 9 Joy', 'Grade 9', 'Joy', '11:04:59', '2023-February-14', 'Logged In', '2023-02-14 11:04:59'),
(873, 1, 376, 'Roland Ivan M.  ', 'LAGAPA', 'JHS 9 Joy', 'Grade 9', 'Joy', '11:05:01', '2023-February-14', 'Logged Out', '2023-02-14 11:05:01'),
(874, 1, 379, 'John Emmanuel S.  ', 'PELIÑO', 'JHS 9 Joy', 'Grade 9', 'Joy', '11:05:22', '2023-February-14', 'Logged In', '2023-02-14 11:05:22'),
(875, 1, 381, 'Emmanuel A.  ', 'TOLEDO', 'JHS 9 Joy', 'Grade 9', 'Joy', '11:05:28', '2023-February-14', 'Logged In', '2023-02-14 11:05:28'),
(876, 1, 383, 'Matt Aiden B.  ', 'VELOSO', 'JHS 9 Joy', 'Grade 9', 'Joy', '11:05:33', '2023-February-14', 'Logged In', '2023-02-14 11:05:33'),
(877, 1, 365, 'Robert M.  ', 'ACHUMBRE', 'JHS 9 Joy', 'Grade 9', 'Joy', '11:05:35', '2023-February-14', 'Logged In', '2023-02-14 11:05:35'),
(878, 1, 385, 'Jasmin Leahn B.  ', 'ALAGO', 'JHS 9 Joy', 'Grade 9', 'Joy', '11:05:51', '2023-February-14', 'Logged In', '2023-02-14 11:05:51'),
(879, 1, 386, 'Anna Martina C.  ', 'AQUIATAN', 'JHS 9 Joy', 'Grade 9', 'Joy', '11:05:56', '2023-February-14', 'Logged In', '2023-02-14 11:05:56'),
(880, 1, 377, 'Sebastian Noel S.  ', 'MARTIN', 'JHS 9 Joy', 'Grade 9', 'Joy', '11:06:13', '2023-February-14', 'Logged In', '2023-02-14 11:06:13'),
(881, 1, 391, 'Lois Angelica Marie C.  *', 'ENRIQUEZ', 'JHS 9 Joy', 'Grade 9', 'Joy', '11:06:15', '2023-February-14', 'Logged Out', '2023-02-14 11:06:15'),
(882, 1, 389, 'Casey Beatrice G.  ', 'DESTRIZA', 'JHS 9 Joy', 'Grade 9', 'Joy', '11:06:20', '2023-February-14', 'Logged In', '2023-02-14 11:06:20'),
(883, 1, 392, 'Helaena G.  ', 'ESTEMAR', 'JHS 9 Joy', 'Grade 9', 'Joy', '11:06:25', '2023-February-14', 'Logged Out', '2023-02-14 11:06:25'),
(884, 1, 388, 'Rianne Leigh L.  ', 'DACAY', 'JHS 9 Joy', 'Grade 9', 'Joy', '11:06:31', '2023-February-14', 'Logged Out', '2023-02-14 11:06:31'),
(885, 1, 395, 'Samantha Rey C.  ', 'LARUTIN', 'JHS 9 Joy', 'Grade 9', 'Joy', '11:06:35', '2023-February-14', 'Logged Out', '2023-02-14 11:06:36'),
(886, 1, 394, 'Princess Paula D.C.  ', 'GARCIA', 'JHS 9 Joy', 'Grade 9', 'Joy', '11:06:43', '2023-February-14', 'Logged In', '2023-02-14 11:06:43'),
(887, 1, 393, 'Alijhana Faith P.  ', 'ESTIBAR', 'JHS 9 Joy', 'Grade 9', 'Joy', '11:06:49', '2023-February-14', 'Logged Out', '2023-02-14 11:06:49'),
(888, 1, 398, 'Julia Margarita S.  ', 'PADILLA', 'JHS 9 Joy', 'Grade 9', 'Joy', '11:06:51', '2023-February-14', 'Logged Out', '2023-02-14 11:06:51'),
(889, 1, 735, 'Katrina Angela D.  ', 'PONCE', 'JHS 9 Joy', 'Grade 9', 'Joy', '11:06:57', '2023-February-14', 'Logged In', '2023-02-14 11:06:57'),
(890, 1, 400, 'Venice Marie B.  ', 'QUIÑON', 'JHS 9 Joy', 'Grade 9', 'Joy', '11:07:05', '2023-February-14', 'Logged Out', '2023-02-14 11:07:05'),
(891, 1, 396, 'Janessa Mikaela L.  ', 'LASALA', 'JHS 9 Joy', 'Grade 9', 'Joy', '11:07:08', '2023-February-14', 'Logged In', '2023-02-14 11:07:08'),
(892, 1, 401, 'Rheana Audrey C.  ', 'RODRIGO', 'JHS 9 Joy', 'Grade 9', 'Joy', '11:07:16', '2023-February-14', 'Logged In', '2023-02-14 11:07:16'),
(893, 1, 402, 'Treskiah C.  ', 'ROSACAY', 'JHS 9 Joy', 'Grade 9', 'Joy', '11:07:32', '2023-February-14', 'Logged Out', '2023-02-14 11:07:32'),
(894, 1, 372, 'Alexander Sebastian B.  ', 'DECIN', 'JHS 9 Joy', 'Grade 9', 'Joy', '11:07:34', '2023-February-14', 'Logged In', '2023-02-14 11:07:34'),
(895, 1, 365, 'Robert M.  ', 'ACHUMBRE', 'JHS 9 Joy', 'Grade 9', 'Joy', '11:07:42', '2023-February-14', 'Logged Out', '2023-02-14 11:07:42'),
(896, 1, 403, 'Stellar N.  ', 'SALES', 'JHS 9 Joy', 'Grade 9', 'Joy', '11:07:45', '2023-February-14', 'Logged Out', '2023-02-14 11:07:45'),
(897, 1, 404, 'Denise Beatrice C.  ', 'SICCIO', 'JHS 9 Joy', 'Grade 9', 'Joy', '11:08:22', '2023-February-14', 'Logged Out', '2023-02-14 11:08:22'),
(898, 1, 382, 'Ezekiel Philip S.  ', 'TUNGAL', 'JHS 9 Joy', 'Grade 9', 'Joy', '11:08:38', '2023-February-14', 'Logged In', '2023-02-14 11:08:38'),
(899, 1, 387, 'Mary Grace G.  ', 'BOLOICO', 'JHS 9 Joy', 'Grade 9', 'Joy', '11:08:45', '2023-February-14', 'Logged In', '2023-02-14 11:08:45'),
(900, 1, 397, 'Deanna Belle T.  ', 'LUY', 'JHS 9 Joy', 'Grade 9', 'Joy', '11:11:13', '2023-February-14', 'Logged In', '2023-02-14 11:11:13'),
(901, 1, 380, 'Gian Marco F.  ', 'REGULACION', 'JHS 9 Joy', 'Grade 9', 'Joy', '11:18:58', '2023-February-14', 'Logged In', '2023-02-14 11:18:58'),
(902, 1, 384, 'Maria Kristine B.  ', 'ABELLA', 'JHS 9 Joy', 'Grade 9', 'Joy', '11:49:10', '2023-February-14', 'Logged In', '2023-02-14 11:49:11'),
(903, 1, 397, 'Deanna Belle T.  ', 'LUY', 'JHS 9 Joy', 'Grade 9', 'Joy', '11:49:20', '2023-February-14', 'Logged Out', '2023-02-14 11:49:20'),
(904, 1, 367, 'John Harry A.  ', 'AROCHA', 'JHS 9 Joy', 'Grade 9', 'Joy', '11:49:43', '2023-February-14', 'Logged Out', '2023-02-14 11:49:43'),
(905, 1, 394, 'Princess Paula D.C.  ', 'GARCIA', 'JHS 9 Joy', 'Grade 9', 'Joy', '11:49:55', '2023-February-14', 'Logged Out', '2023-02-14 11:49:55'),
(906, 1, 396, 'Janessa Mikaela L.  ', 'LASALA', 'JHS 9 Joy', 'Grade 9', 'Joy', '11:50:02', '2023-February-14', 'Logged Out', '2023-02-14 11:50:02'),
(907, 1, 371, 'Tyrone Miguel T.  ', 'CRUZ', 'JHS 9 Joy', 'Grade 9', 'Joy', '11:50:10', '2023-February-14', 'Logged Out', '2023-02-14 11:50:10'),
(908, 1, 401, 'Rheana Audrey C.  ', 'RODRIGO', 'JHS 9 Joy', 'Grade 9', 'Joy', '11:50:28', '2023-February-14', 'Logged Out', '2023-02-14 11:50:28'),
(909, 1, 365, 'Robert M.  ', 'ACHUMBRE', 'JHS 9 Joy', 'Grade 9', 'Joy', '11:50:33', '2023-February-14', 'Logged In', '2023-02-14 11:50:33'),
(910, 1, 389, 'Casey Beatrice G.  ', 'DESTRIZA', 'JHS 9 Joy', 'Grade 9', 'Joy', '11:50:36', '2023-February-14', 'Logged Out', '2023-02-14 11:50:36'),
(911, 1, 735, 'Katrina Angela D.  ', 'PONCE', 'JHS 9 Joy', 'Grade 9', 'Joy', '11:50:41', '2023-February-14', 'Logged Out', '2023-02-14 11:50:41'),
(912, 1, 369, 'Ashlee G.  ', 'BOUFFARD', 'JHS 9 Joy', 'Grade 9', 'Joy', '11:50:47', '2023-February-14', 'Logged Out', '2023-02-14 11:50:47'),
(913, 1, 375, 'Dahryll J.  ', 'HITEROZA', 'JHS 9 Joy', 'Grade 9', 'Joy', '11:50:48', '2023-February-14', 'Logged Out', '2023-02-14 11:50:48'),
(914, 1, 400, 'Venice Marie B.  ', 'QUIÑON', 'JHS 9 Joy', 'Grade 9', 'Joy', '11:50:56', '2023-February-14', 'Logged In', '2023-02-14 11:50:56'),
(915, 1, 404, 'Denise Beatrice C.  ', 'SICCIO', 'JHS 9 Joy', 'Grade 9', 'Joy', '11:51:18', '2023-February-14', 'Logged In', '2023-02-14 11:51:18'),
(916, 1, 391, 'Lois Angelica Marie C.  *', 'ENRIQUEZ', 'JHS 9 Joy', 'Grade 9', 'Joy', '11:51:25', '2023-February-14', 'Logged In', '2023-02-14 11:51:25'),
(917, 1, 366, 'Kyle Maveriel C.  ', 'ALFEREZ', 'JHS 9 Joy', 'Grade 9', 'Joy', '11:51:28', '2023-February-14', 'Logged Out', '2023-02-14 11:51:28'),
(918, 1, 395, 'Samantha Rey C.  ', 'LARUTIN', 'JHS 9 Joy', 'Grade 9', 'Joy', '11:51:37', '2023-February-14', 'Logged In', '2023-02-14 11:51:37'),
(919, 1, 388, 'Rianne Leigh L.  ', 'DACAY', 'JHS 9 Joy', 'Grade 9', 'Joy', '11:51:41', '2023-February-14', 'Logged In', '2023-02-14 11:51:41'),
(920, 1, 403, 'Stellar N.  ', 'SALES', 'JHS 9 Joy', 'Grade 9', 'Joy', '11:51:46', '2023-February-14', 'Logged In', '2023-02-14 11:51:46'),
(921, 1, 392, 'Helaena G.  ', 'ESTEMAR', 'JHS 9 Joy', 'Grade 9', 'Joy', '11:51:47', '2023-February-14', 'Logged In', '2023-02-14 11:51:47'),
(922, 1, 402, 'Treskiah C.  ', 'ROSACAY', 'JHS 9 Joy', 'Grade 9', 'Joy', '11:51:50', '2023-February-14', 'Logged In', '2023-02-14 11:51:50'),
(923, 1, 386, 'Anna Martina C.  ', 'AQUIATAN', 'JHS 9 Joy', 'Grade 9', 'Joy', '11:51:53', '2023-February-14', 'Logged Out', '2023-02-14 11:51:53'),
(924, 1, 398, 'Julia Margarita S.  ', 'PADILLA', 'JHS 9 Joy', 'Grade 9', 'Joy', '11:51:54', '2023-February-14', 'Logged In', '2023-02-14 11:51:54'),
(925, 1, 373, 'Robert Rhey T.  ', 'DIAZ', 'JHS 9 Joy', 'Grade 9', 'Joy', '11:51:55', '2023-February-14', 'Logged Out', '2023-02-14 11:51:55'),
(926, 1, 387, 'Mary Grace G.  ', 'BOLOICO', 'JHS 9 Joy', 'Grade 9', 'Joy', '11:52:00', '2023-February-14', 'Logged Out', '2023-02-14 11:52:00'),
(927, 1, 393, 'Alijhana Faith P.  ', 'ESTIBAR', 'JHS 9 Joy', 'Grade 9', 'Joy', '11:52:04', '2023-February-14', 'Logged In', '2023-02-14 11:52:04'),
(928, 1, 378, 'Karl Anthony L.  ', 'MOLADO', 'JHS 9 Joy', 'Grade 9', 'Joy', '11:52:08', '2023-February-14', 'Logged Out', '2023-02-14 11:52:08'),
(929, 1, 380, 'Gian Marco F.  ', 'REGULACION', 'JHS 9 Joy', 'Grade 9', 'Joy', '11:52:10', '2023-February-14', 'Logged Out', '2023-02-14 11:52:10'),
(930, 1, 382, 'Ezekiel Philip S.  ', 'TUNGAL', 'JHS 9 Joy', 'Grade 9', 'Joy', '11:52:16', '2023-February-14', 'Logged Out', '2023-02-14 11:52:16'),
(931, 1, 379, 'John Emmanuel S.  ', 'PELIÑO', 'JHS 9 Joy', 'Grade 9', 'Joy', '11:52:19', '2023-February-14', 'Logged Out', '2023-02-14 11:52:19'),
(932, 1, 372, 'Alexander Sebastian B.  ', 'DECIN', 'JHS 9 Joy', 'Grade 9', 'Joy', '11:52:19', '2023-February-14', 'Logged Out', '2023-02-14 11:52:19'),
(933, 1, 381, 'Emmanuel A.  ', 'TOLEDO', 'JHS 9 Joy', 'Grade 9', 'Joy', '11:52:20', '2023-February-14', 'Logged Out', '2023-02-14 11:52:20'),
(934, 1, 370, 'Giann Mathieu Joanes M.  ', 'CAGAPE', 'JHS 9 Joy', 'Grade 9', 'Joy', '11:52:29', '2023-February-14', 'Logged Out', '2023-02-14 11:52:30'),
(935, 1, 383, 'Matt Aiden B.  ', 'VELOSO', 'JHS 9 Joy', 'Grade 9', 'Joy', '11:52:32', '2023-February-14', 'Logged Out', '2023-02-14 11:52:32'),
(936, 1, 377, 'Sebastian Noel S.  ', 'MARTIN', 'JHS 9 Joy', 'Grade 9', 'Joy', '11:52:36', '2023-February-14', 'Logged Out', '2023-02-14 11:52:36'),
(937, 1, 374, 'Elijah Earl A.  ', 'GALICIA', 'JHS 9 Joy', 'Grade 9', 'Joy', '11:53:09', '2023-February-14', 'Logged Out', '2023-02-14 11:53:09'),
(938, 1, 405, 'John Rainiel R.  ', 'ARELLANO', 'JHS 9 Justice', 'Grade 9', 'Justice', '07:48:45', '2023-February-16', 'Logged In', '2023-02-16 07:48:46'),
(939, 1, 406, 'John Clayton Gabriel F.  ', 'BARRIENTOS', 'JHS 9 Justice', 'Grade 9', 'Justice', '07:49:03', '2023-February-16', 'Logged In', '2023-02-16 07:49:04'),
(940, 1, 445, 'Sean Louie M.  ', 'BONGUYAN', 'JHS 9 Justice', 'Grade 9', 'Justice', '07:49:13', '2023-February-16', 'Logged In', '2023-02-16 07:49:13'),
(941, 1, 444, 'Justine Daniel G.  ', 'BULAN', 'JHS 9 Justice', 'Grade 9', 'Justice', '07:49:16', '2023-February-16', 'Logged In', '2023-02-16 07:49:16'),
(942, 1, 443, 'Darilo E.  ', 'BUTONG', 'JHS 9 Justice', 'Grade 9', 'Justice', '07:49:32', '2023-February-16', 'Logged In', '2023-02-16 07:49:32'),
(943, 1, 442, 'Bryant Harley P.  ', 'CABANDAY', 'JHS 9 Justice', 'Grade 9', 'Justice', '07:49:40', '2023-February-16', 'Logged In', '2023-02-16 07:49:40'),
(944, 1, 441, 'Jian Franco P.  ', 'DOQUELIS', 'JHS 9 Justice', 'Grade 9', 'Justice', '07:49:44', '2023-February-16', 'Logged In', '2023-02-16 07:49:45'),
(945, 1, 440, 'Muhammad Jahmal U.  ', 'JANI', 'JHS 9 Justice', 'Grade 9', 'Justice', '07:49:59', '2023-February-16', 'Logged In', '2023-02-16 07:49:59'),
(946, 1, 439, 'Kyle Andrew C.  ', 'LABUAN', 'JHS 9 Justice', 'Grade 9', 'Justice', '07:50:03', '2023-February-16', 'Logged In', '2023-02-16 07:50:04'),
(947, 1, 438, 'Joaquin Noah P.  ', 'LECTOR', 'JHS 9 Justice', 'Grade 9', 'Justice', '07:50:12', '2023-February-16', 'Logged In', '2023-02-16 07:50:12'),
(948, 1, 437, 'Jose Marie Sebastian E.  ', 'LLANILLO', 'JHS 9 Justice', 'Grade 9', 'Justice', '07:50:17', '2023-February-16', 'Logged In', '2023-02-16 07:50:17'),
(949, 1, 436, 'Ernesto A.  ', 'MANUAY ', 'JHS 9 Justice', 'Grade 9', 'Justice', '07:50:24', '2023-February-16', 'Logged In', '2023-02-16 07:50:24'),
(950, 1, 435, 'Josh Nicolas L.  ', 'NIODA', 'JHS 9 Justice', 'Grade 9', 'Justice', '07:50:26', '2023-February-16', 'Logged In', '2023-02-16 07:50:27'),
(951, 1, 432, 'Ryle Andrei A.  ', 'SECRETARIA', 'JHS 9 Justice', 'Grade 9', 'Justice', '07:51:00', '2023-February-16', 'Logged In', '2023-02-16 07:51:00'),
(952, 1, 427, 'Aeddan Lance D.', 'ZAPANTA', 'JHS 9 Justice', 'Grade 9', 'Justice', '07:51:33', '2023-February-16', 'Logged In', '2023-02-16 07:51:33'),
(953, 1, 429, 'Ram Youssep B.  ', 'VILLAMOR', 'JHS 9 Justice', 'Grade 9', 'Justice', '07:51:50', '2023-February-16', 'Logged In', '2023-02-16 07:51:50'),
(954, 1, 428, 'Edzymon M.  ', 'WAGA', 'JHS 9 Justice', 'Grade 9', 'Justice', '07:51:55', '2023-February-16', 'Logged In', '2023-02-16 07:51:56'),
(955, 1, 426, 'Franco Nicolas W.  ', 'ZUBIETA', 'JHS 9 Justice', 'Grade 9', 'Justice', '07:52:01', '2023-February-16', 'Logged In', '2023-02-16 07:52:01'),
(956, 1, 431, 'Prince John Rich A.  ', 'SITSIT', 'JHS 9 Justice', 'Grade 9', 'Justice', '07:52:02', '2023-February-16', 'Logged In', '2023-02-16 07:52:02'),
(957, 1, 425, 'Abigail J.  ', 'ALVARAN', 'JHS 9 Justice', 'Grade 9', 'Justice', '07:52:33', '2023-February-16', 'Logged In', '2023-02-16 07:52:33'),
(958, 1, 430, 'Josue Vito Z.  ', 'TESADO', 'JHS 9 Justice', 'Grade 9', 'Justice', '07:52:35', '2023-February-16', 'Logged In', '2023-02-16 07:52:35'),
(959, 1, 424, 'Febie Marie L.  ', 'AMANG', 'JHS 9 Justice', 'Grade 9', 'Justice', '07:52:43', '2023-February-16', 'Logged In', '2023-02-16 07:52:43'),
(960, 1, 423, 'Arabella Mariss L.  ', 'ARANETA', 'JHS 9 Justice', 'Grade 9', 'Justice', '07:52:46', '2023-February-16', 'Logged In', '2023-02-16 07:52:46'),
(961, 1, 421, 'Keziah Ashleigh P.  ', 'CORDERO', 'JHS 9 Justice', 'Grade 9', 'Justice', '07:52:51', '2023-February-16', 'Logged In', '2023-02-16 07:52:51'),
(962, 1, 417, 'Jan Alora D.  ', 'GUITGUITEN', 'JHS 9 Justice', 'Grade 9', 'Justice', '07:53:17', '2023-February-16', 'Logged In', '2023-02-16 07:53:17'),
(963, 1, 416, 'Valerie B.  ', 'INIEGO', 'JHS 9 Justice', 'Grade 9', 'Justice', '07:53:27', '2023-February-16', 'Logged In', '2023-02-16 07:53:27'),
(964, 1, 411, 'Roxie Jay B.  ', 'MORTIMER', 'JHS 9 Justice', 'Grade 9', 'Justice', '07:53:33', '2023-February-16', 'Logged In', '2023-02-16 07:53:33'),
(965, 1, 420, 'Belle Michiko P.  ', 'DE CASTRO', 'JHS 9 Justice', 'Grade 9', 'Justice', '07:53:35', '2023-February-16', 'Logged In', '2023-02-16 07:53:35'),
(966, 1, 414, 'Kryz Jaira L.  ', 'LIGUE', 'JHS 9 Justice', 'Grade 9', 'Justice', '07:53:36', '2023-February-16', 'Logged In', '2023-02-16 07:53:36'),
(967, 1, 418, 'Justine Janine Y.  ', 'GIMENES', 'JHS 9 Justice', 'Grade 9', 'Justice', '07:53:43', '2023-February-16', 'Logged In', '2023-02-16 07:53:44'),
(968, 1, 413, 'Dennisse Vielle L.  ', 'MATA', 'JHS 9 Justice', 'Grade 9', 'Justice', '07:53:47', '2023-February-16', 'Logged In', '2023-02-16 07:53:47'),
(969, 1, 412, 'Kiera Fabian D.  ', 'MERCADO', 'JHS 9 Justice', 'Grade 9', 'Justice', '07:53:54', '2023-February-16', 'Logged In', '2023-02-16 07:53:54'),
(970, 1, 410, 'Carleen Emily A.  ', 'REAS', 'JHS 9 Justice', 'Grade 9', 'Justice', '07:54:01', '2023-February-16', 'Logged In', '2023-02-16 07:54:01'),
(971, 1, 409, 'Santina Paula W.  ', 'RESPICIO', 'JHS 9 Justice', 'Grade 9', 'Justice', '07:54:03', '2023-February-16', 'Logged In', '2023-02-16 07:54:03'),
(972, 1, 433, 'Karl Justin S.  ', 'SASOT', 'JHS 9 Justice', 'Grade 9', 'Justice', '07:54:12', '2023-February-16', 'Logged In', '2023-02-16 07:54:13'),
(973, 1, 408, 'Alyssa Marinelle B.  ', 'SY', 'JHS 9 Justice', 'Grade 9', 'Justice', '07:54:59', '2023-February-16', 'Logged In', '2023-02-16 07:54:59'),
(974, 1, 432, 'Ryle Andrei A.  ', 'SECRETARIA', 'JHS 9 Justice', 'Grade 9', 'Justice', '07:55:43', '2023-February-16', 'Logged Out', '2023-02-16 07:55:43'),
(975, 1, 433, 'Karl Justin S.  ', 'SASOT', 'JHS 9 Justice', 'Grade 9', 'Justice', '07:57:26', '2023-February-16', 'Logged Out', '2023-02-16 07:57:26'),
(976, 1, 430, 'Josue Vito Z.  ', 'TESADO', 'JHS 9 Justice', 'Grade 9', 'Justice', '07:59:08', '2023-February-16', 'Logged Out', '2023-02-16 07:59:08'),
(977, 1, 415, 'Nicole Kaylee S.  ', 'LANORIAS', 'JHS 9 Justice', 'Grade 9', 'Justice', '08:04:12', '2023-February-16', 'Logged In', '2023-02-16 08:04:12'),
(978, 1, 407, 'Kirsten Jamie B.  ', 'VILLAROSA', 'JHS 9 Justice', 'Grade 9', 'Justice', '08:05:08', '2023-February-16', 'Logged In', '2023-02-16 08:05:09'),
(979, 1, 430, 'Josue Vito Z.  ', 'TESADO', 'JHS 9 Justice', 'Grade 9', 'Justice', '08:05:26', '2023-February-16', 'Logged In', '2023-02-16 08:05:26'),
(980, 1, 416, 'Valerie B.  ', 'INIEGO', 'JHS 9 Justice', 'Grade 9', 'Justice', '08:33:29', '2023-February-16', 'Logged Out', '2023-02-16 08:33:29'),
(981, 1, 430, 'Josue Vito Z.  ', 'TESADO', 'JHS 9 Justice', 'Grade 9', 'Justice', '08:34:14', '2023-February-16', 'Logged Out', '2023-02-16 08:34:14'),
(982, 1, 438, 'Joaquin Noah P.  ', 'LECTOR', 'JHS 9 Justice', 'Grade 9', 'Justice', '08:34:57', '2023-February-16', 'Logged Out', '2023-02-16 08:34:57'),
(983, 1, 410, 'Carleen Emily A.  ', 'REAS', 'JHS 9 Justice', 'Grade 9', 'Justice', '08:35:14', '2023-February-16', 'Logged Out', '2023-02-16 08:35:14'),
(984, 1, 424, 'Febie Marie L.  ', 'AMANG', 'JHS 9 Justice', 'Grade 9', 'Justice', '08:35:26', '2023-February-16', 'Logged Out', '2023-02-16 08:35:26'),
(985, 1, 422, 'Tiffany Laurren L.  ', 'CHAN', 'JHS 9 Justice', 'Grade 9', 'Justice', '08:36:08', '2023-February-16', 'Logged In', '2023-02-16 08:36:08'),
(986, 1, 429, 'Ram Youssep B.  ', 'VILLAMOR', 'JHS 9 Justice', 'Grade 9', 'Justice', '08:36:13', '2023-February-16', 'Logged Out', '2023-02-16 08:36:13'),
(987, 1, 425, 'Abigail J.  ', 'ALVARAN', 'JHS 9 Justice', 'Grade 9', 'Justice', '08:36:17', '2023-February-16', 'Logged Out', '2023-02-16 08:36:17'),
(988, 1, 417, 'Jan Alora D.  ', 'GUITGUITEN', 'JHS 9 Justice', 'Grade 9', 'Justice', '08:36:25', '2023-February-16', 'Logged Out', '2023-02-16 08:36:25'),
(989, 1, 406, 'John Clayton Gabriel F.  ', 'BARRIENTOS', 'JHS 9 Justice', 'Grade 9', 'Justice', '08:36:29', '2023-February-16', 'Logged Out', '2023-02-16 08:36:30'),
(990, 1, 415, 'Nicole Kaylee S.  ', 'LANORIAS', 'JHS 9 Justice', 'Grade 9', 'Justice', '08:36:33', '2023-February-16', 'Logged Out', '2023-02-16 08:36:33'),
(991, 1, 407, 'Kirsten Jamie B.  ', 'VILLAROSA', 'JHS 9 Justice', 'Grade 9', 'Justice', '08:36:41', '2023-February-16', 'Logged Out', '2023-02-16 08:36:42'),
(992, 1, 420, 'Belle Michiko P.  ', 'DE CASTRO', 'JHS 9 Justice', 'Grade 9', 'Justice', '08:36:55', '2023-February-16', 'Logged Out', '2023-02-16 08:36:55'),
(993, 1, 414, 'Kryz Jaira L.  ', 'LIGUE', 'JHS 9 Justice', 'Grade 9', 'Justice', '08:36:58', '2023-February-16', 'Logged Out', '2023-02-16 08:36:58'),
(994, 1, 405, 'John Rainiel R.  ', 'ARELLANO', 'JHS 9 Justice', 'Grade 9', 'Justice', '08:37:07', '2023-February-16', 'Logged Out', '2023-02-16 08:37:07'),
(995, 1, 423, 'Arabella Mariss L.  ', 'ARANETA', 'JHS 9 Justice', 'Grade 9', 'Justice', '08:37:11', '2023-February-16', 'Logged Out', '2023-02-16 08:37:11'),
(996, 1, 439, 'Kyle Andrew C.  ', 'LABUAN', 'JHS 9 Justice', 'Grade 9', 'Justice', '08:37:13', '2023-February-16', 'Logged Out', '2023-02-16 08:37:13'),
(997, 1, 411, 'Roxie Jay B.  ', 'MORTIMER', 'JHS 9 Justice', 'Grade 9', 'Justice', '08:37:37', '2023-February-16', 'Logged Out', '2023-02-16 08:37:37'),
(998, 1, 408, 'Alyssa Marinelle B.  ', 'SY', 'JHS 9 Justice', 'Grade 9', 'Justice', '08:37:52', '2023-February-16', 'Logged Out', '2023-02-16 08:37:52'),
(999, 1, 409, 'Santina Paula W.  ', 'RESPICIO', 'JHS 9 Justice', 'Grade 9', 'Justice', '08:37:56', '2023-February-16', 'Logged Out', '2023-02-16 08:37:56'),
(1000, 1, 436, 'Ernesto A.  ', 'MANUAY ', 'JHS 9 Justice', 'Grade 9', 'Justice', '08:38:02', '2023-February-16', 'Logged Out', '2023-02-16 08:38:03'),
(1001, 1, 412, 'Kiera Fabian D.  ', 'MERCADO', 'JHS 9 Justice', 'Grade 9', 'Justice', '08:38:31', '2023-February-16', 'Logged Out', '2023-02-16 08:38:31'),
(1002, 1, 421, 'Keziah Ashleigh P.  ', 'CORDERO', 'JHS 9 Justice', 'Grade 9', 'Justice', '08:38:36', '2023-February-16', 'Logged Out', '2023-02-16 08:38:36'),
(1003, 1, 445, 'Sean Louie M.  ', 'BONGUYAN', 'JHS 9 Justice', 'Grade 9', 'Justice', '08:38:54', '2023-February-16', 'Logged Out', '2023-02-16 08:38:54'),
(1004, 1, 440, 'Muhammad Jahmal U.  ', 'JANI', 'JHS 9 Justice', 'Grade 9', 'Justice', '08:39:07', '2023-February-16', 'Logged Out', '2023-02-16 08:39:08'),
(1005, 1, 413, 'Dennisse Vielle L.  ', 'MATA', 'JHS 9 Justice', 'Grade 9', 'Justice', '08:39:08', '2023-February-16', 'Logged Out', '2023-02-16 08:39:08'),
(1006, 1, 418, 'Justine Janine Y.  ', 'GIMENES', 'JHS 9 Justice', 'Grade 9', 'Justice', '08:39:13', '2023-February-16', 'Logged Out', '2023-02-16 08:39:13'),
(1007, 1, 437, 'Jose Marie Sebastian E.  ', 'LLANILLO', 'JHS 9 Justice', 'Grade 9', 'Justice', '08:39:18', '2023-February-16', 'Logged Out', '2023-02-16 08:39:18'),
(1008, 1, 433, 'Karl Justin S.  ', 'SASOT', 'JHS 9 Justice', 'Grade 9', 'Justice', '08:39:25', '2023-February-16', 'Logged In', '2023-02-16 08:39:25'),
(1009, 1, 431, 'Prince John Rich A.  ', 'SITSIT', 'JHS 9 Justice', 'Grade 9', 'Justice', '08:39:54', '2023-February-16', 'Logged Out', '2023-02-16 08:39:54'),
(1010, 1, 442, 'Bryant Harley P.  ', 'CABANDAY', 'JHS 9 Justice', 'Grade 9', 'Justice', '08:40:03', '2023-February-16', 'Logged Out', '2023-02-16 08:40:03'),
(1011, 1, 432, 'Ryle Andrei A.  ', 'SECRETARIA', 'JHS 9 Justice', 'Grade 9', 'Justice', '08:40:25', '2023-February-16', 'Logged In', '2023-02-16 08:40:25'),
(1012, 1, 435, 'Josh Nicolas L.  ', 'NIODA', 'JHS 9 Justice', 'Grade 9', 'Justice', '08:40:40', '2023-February-16', 'Logged Out', '2023-02-16 08:40:40'),
(1013, 1, 166, 'Kenneth V.  ', 'BASAÑES', 'JHS 7 Fortitude', 'Grade 7', 'Fortitude', '09:30:53', '2023-February-16', 'Logged In', '2023-02-16 09:30:53'),
(1014, 1, 430, 'Josue Vito Z.  ', 'TESADO', 'JHS 9 Justice', 'Grade 9', 'Justice', '09:34:01', '2023-February-16', 'Logged In', '2023-02-16 09:34:01'),
(1015, 1, 186, 'Jacey Janna Y.  ', 'GIMENES', 'JHS 7 Fortitude', 'Grade 7', 'Fortitude', '09:34:30', '2023-February-16', 'Logged In', '2023-02-16 09:34:30'),
(1016, 1, 150, 'Isabelle Rae D.S.  	', 'BATU', 'JHS 7 Faith', 'Grade 7', 'Faith', '09:36:27', '2023-February-16', 'Logged In', '2023-02-16 09:36:27'),
(1017, 1, 192, 'Keziah Vhailette E.  ', 'ROTULO', 'JHS 7 Fortitude', 'Grade 7', 'Fortitude', '09:36:50', '2023-February-16', 'Logged In', '2023-02-16 09:36:50'),
(1018, 1, 188, 'Erin   ', 'HERMOSURA', 'JHS 7 Fortitude', 'Grade 7', 'Fortitude', '09:37:05', '2023-February-16', 'Logged In', '2023-02-16 09:37:05'),
(1019, 1, 407, 'Kirsten Jamie B.  ', 'VILLAROSA', 'JHS 9 Justice', 'Grade 9', 'Justice', '09:37:25', '2023-February-16', 'Logged In', '2023-02-16 09:37:25'),
(1020, 1, 470, 'Gayle Sophia Julianna G.  ', 'BORROMEO', 'JHS 9 Loyalty', 'Grade 9', 'Loyalty', '09:37:28', '2023-February-16', 'Logged In', '2023-02-16 09:37:28'),
(1021, 1, 468, 'Jannah Shaira P.  ', 'ASLAM', 'JHS 9 Loyalty', 'Grade 9', 'Loyalty', '09:37:35', '2023-February-16', 'Logged In', '2023-02-16 09:37:35'),
(1022, 1, 424, 'Febie Marie L.  ', 'AMANG', 'JHS 9 Justice', 'Grade 9', 'Justice', '09:37:43', '2023-February-16', 'Logged In', '2023-02-16 09:37:43'),
(1023, 1, 398, 'Julia Margarita S.  ', 'PADILLA', 'JHS 9 Joy', 'Grade 9', 'Joy', '09:38:15', '2023-February-16', 'Logged In', '2023-02-16 09:38:15'),
(1024, 1, 393, 'Alijhana Faith P.  ', 'ESTIBAR', 'JHS 9 Joy', 'Grade 9', 'Joy', '09:38:28', '2023-February-16', 'Logged In', '2023-02-16 09:38:28'),
(1025, 1, 395, 'Samantha Rey C.  ', 'LARUTIN', 'JHS 9 Joy', 'Grade 9', 'Joy', '09:38:36', '2023-February-16', 'Logged In', '2023-02-16 09:38:36'),
(1026, 1, 391, 'Lois Angelica Marie C.  *', 'ENRIQUEZ', 'JHS 9 Joy', 'Grade 9', 'Joy', '09:38:38', '2023-February-16', 'Logged In', '2023-02-16 09:38:38'),
(1027, 1, 388, 'Rianne Leigh L.  ', 'DACAY', 'JHS 9 Joy', 'Grade 9', 'Joy', '09:38:40', '2023-February-16', 'Logged In', '2023-02-16 09:38:40'),
(1028, 1, 404, 'Denise Beatrice C.  ', 'SICCIO', 'JHS 9 Joy', 'Grade 9', 'Joy', '09:38:42', '2023-February-16', 'Logged In', '2023-02-16 09:38:42'),
(1029, 1, 470, 'Gayle Sophia Julianna G.  ', 'BORROMEO', 'JHS 9 Loyalty', 'Grade 9', 'Loyalty', '09:38:49', '2023-February-16', 'Logged Out', '2023-02-16 09:38:49'),
(1030, 1, 88, 'Jordan Dwyane A.  	', 'GARCIA', 'JHS 7 Chastity', 'Grade 7', 'Chastity', '09:39:43', '2023-February-16', 'Logged In', '2023-02-16 09:39:43'),
(1031, 1, 324, 'Rhionne Fae R.  ', 'PAYOT', 'JHS 8 Humility', 'Grade 8', 'Humility', '09:40:44', '2023-February-16', 'Logged In', '2023-02-16 09:40:44'),
(1032, 1, 192, 'Keziah Vhailette E.  ', 'ROTULO', 'JHS 7 Fortitude', 'Grade 7', 'Fortitude', '09:40:52', '2023-February-16', 'Logged Out', '2023-02-16 09:40:52'),
(1033, 1, 188, 'Erin   ', 'HERMOSURA', 'JHS 7 Fortitude', 'Grade 7', 'Fortitude', '09:40:55', '2023-February-16', 'Logged Out', '2023-02-16 09:40:55'),
(1034, 1, 380, 'Gian Marco F.  ', 'REGULACION', 'JHS 9 Joy', 'Grade 9', 'Joy', '09:42:00', '2023-February-16', 'Logged In', '2023-02-16 09:42:00'),
(1035, 1, 371, 'Tyrone Miguel T.  ', 'CRUZ', 'JHS 9 Joy', 'Grade 9', 'Joy', '09:42:14', '2023-February-16', 'Logged In', '2023-02-16 09:42:14'),
(1036, 1, 427, 'Aeddan Lance D.', 'ZAPANTA', 'JHS 9 Justice', 'Grade 9', 'Justice', '09:42:20', '2023-February-16', 'Logged In', '2023-02-16 09:42:20'),
(1037, 1, 486, 'Clark Ivan G.  ', 'BENTULAN', 'JHS 9 Modesty', 'Grade 9', 'Modesty', '09:42:27', '2023-February-16', 'Logged In', '2023-02-16 09:42:27'),
(1038, 1, 430, 'Josue Vito Z.  ', 'TESADO', 'JHS 9 Justice', 'Grade 9', 'Justice', '09:42:43', '2023-February-16', 'Logged Out', '2023-02-16 09:42:43'),
(1039, 1, 162, 'Yvaine Angeli G.  *	', 'SIMBAJON', 'JHS 7 Faith', 'Grade 7', 'Faith', '09:43:24', '2023-February-16', 'Logged In', '2023-02-16 09:43:24'),
(1040, 1, 158, 'Kirsten Beatriz L.  	', 'QUEZON', 'JHS 7 Faith', 'Grade 7', 'Faith', '09:43:29', '2023-February-16', 'Logged In', '2023-02-16 09:43:29'),
(1041, 1, 391, 'Lois Angelica Marie C.  *', 'ENRIQUEZ', 'JHS 9 Joy', 'Grade 9', 'Joy', '09:43:57', '2023-February-16', 'Logged Out', '2023-02-16 09:43:57'),
(1042, 1, 388, 'Rianne Leigh L.  ', 'DACAY', 'JHS 9 Joy', 'Grade 9', 'Joy', '09:44:06', '2023-February-16', 'Logged Out', '2023-02-16 09:44:06'),
(1043, 1, 398, 'Julia Margarita S.  ', 'PADILLA', 'JHS 9 Joy', 'Grade 9', 'Joy', '09:44:09', '2023-February-16', 'Logged Out', '2023-02-16 09:44:09'),
(1044, 1, 393, 'Alijhana Faith P.  ', 'ESTIBAR', 'JHS 9 Joy', 'Grade 9', 'Joy', '09:44:27', '2023-February-16', 'Logged Out', '2023-02-16 09:44:27'),
(1045, 1, 395, 'Samantha Rey C.  ', 'LARUTIN', 'JHS 9 Joy', 'Grade 9', 'Joy', '09:44:36', '2023-February-16', 'Logged Out', '2023-02-16 09:44:36'),
(1046, 1, 404, 'Denise Beatrice C.  ', 'SICCIO', 'JHS 9 Joy', 'Grade 9', 'Joy', '09:44:38', '2023-February-16', 'Logged Out', '2023-02-16 09:44:38'),
(1047, 1, 166, 'Kenneth V.  ', 'BASAÑES', 'JHS 7 Fortitude', 'Grade 7', 'Fortitude', '09:44:41', '2023-February-16', 'Logged Out', '2023-02-16 09:44:41'),
(1048, 1, 175, 'Joshua Uriel P.  ', 'MENCIDOR', 'JHS 7 Fortitude', 'Grade 7', 'Fortitude', '09:46:21', '2023-February-16', 'Logged In', '2023-02-16 09:46:21'),
(1049, 1, 367, 'John Harry A.  ', 'AROCHA', 'JHS 9 Joy', 'Grade 9', 'Joy', '09:46:46', '2023-February-16', 'Logged In', '2023-02-16 09:46:46'),
(1050, 1, 371, 'Tyrone Miguel T.  ', 'CRUZ', 'JHS 9 Joy', 'Grade 9', 'Joy', '09:47:53', '2023-February-16', 'Logged Out', '2023-02-16 09:47:53'),
(1051, 1, 427, 'Aeddan Lance D.', 'ZAPANTA', 'JHS 9 Justice', 'Grade 9', 'Justice', '09:47:54', '2023-February-16', 'Logged Out', '2023-02-16 09:47:55'),
(1052, 1, 486, 'Clark Ivan G.  ', 'BENTULAN', 'JHS 9 Modesty', 'Grade 9', 'Modesty', '09:48:02', '2023-February-16', 'Logged Out', '2023-02-16 09:48:02'),
(1053, 1, 175, 'Joshua Uriel P.  ', 'MENCIDOR', 'JHS 7 Fortitude', 'Grade 7', 'Fortitude', '09:48:29', '2023-February-16', 'Logged Out', '2023-02-16 09:48:29'),
(1054, 1, 380, 'Gian Marco F.  ', 'REGULACION', 'JHS 9 Joy', 'Grade 9', 'Joy', '09:48:31', '2023-February-16', 'Logged Out', '2023-02-16 09:48:31'),
(1055, 1, 162, 'Yvaine Angeli G.  *	', 'SIMBAJON', 'JHS 7 Faith', 'Grade 7', 'Faith', '09:48:35', '2023-February-16', 'Logged Out', '2023-02-16 09:48:35'),
(1056, 1, 88, 'Jordan Dwyane A.  	', 'GARCIA', 'JHS 7 Chastity', 'Grade 7', 'Chastity', '09:48:37', '2023-February-16', 'Logged Out', '2023-02-16 09:48:37'),
(1057, 1, 158, 'Kirsten Beatriz L.  	', 'QUEZON', 'JHS 7 Faith', 'Grade 7', 'Faith', '09:48:39', '2023-February-16', 'Logged Out', '2023-02-16 09:48:39'),
(1058, 1, 424, 'Febie Marie L.  ', 'AMANG', 'JHS 9 Justice', 'Grade 9', 'Justice', '09:48:47', '2023-February-16', 'Logged Out', '2023-02-16 09:48:47'),
(1059, 1, 407, 'Kirsten Jamie B.  ', 'VILLAROSA', 'JHS 9 Justice', 'Grade 9', 'Justice', '09:48:51', '2023-February-16', 'Logged Out', '2023-02-16 09:48:51'),
(1060, 1, 470, 'Gayle Sophia Julianna G.  ', 'BORROMEO', 'JHS 9 Loyalty', 'Grade 9', 'Loyalty', '09:48:58', '2023-February-16', 'Logged In', '2023-02-16 09:48:58'),
(1061, 1, 150, 'Isabelle Rae D.S.  	', 'BATU', 'JHS 7 Faith', 'Grade 7', 'Faith', '09:49:30', '2023-February-16', 'Logged Out', '2023-02-16 09:49:30'),
(1062, 1, 468, 'Jannah Shaira P.  ', 'ASLAM', 'JHS 9 Loyalty', 'Grade 9', 'Loyalty', '09:50:15', '2023-February-16', 'Logged Out', '2023-02-16 09:50:15'),
(1063, 1, 367, 'John Harry A.  ', 'AROCHA', 'JHS 9 Joy', 'Grade 9', 'Joy', '09:50:27', '2023-February-16', 'Logged Out', '2023-02-16 09:50:27'),
(1064, 1, 590, 'Khiarra Crystal L.  ', 'CASTILLO', 'JHS 10 Peace', 'Grade 10', 'Peace', '09:15:14', '2023-February-17', 'Logged In', '2023-02-17 09:15:14'),
(1065, 1, 598, 'Julianne Lexy O.  ', 'GONZALES', 'JHS 10 Peace', 'Grade 10', 'Peace', '09:15:20', '2023-February-17', 'Logged In', '2023-02-17 09:15:20'),
(1066, 1, 586, 'Raika Charmel D.  ', 'ALAS', 'JHS 10 Peace', 'Grade 10', 'Peace', '09:15:23', '2023-February-17', 'Logged In', '2023-02-17 09:15:23'),
(1067, 1, 587, 'Jaedine C.  ', 'BUHIA', 'JHS 10 Peace', 'Grade 10', 'Peace', '09:21:20', '2023-February-17', 'Logged In', '2023-02-17 09:21:20'),
(1068, 1, 587, 'Jaedine C.  ', 'BUHIA', 'JHS 10 Peace', 'Grade 10', 'Peace', '09:27:04', '2023-February-17', 'Logged Out', '2023-02-17 09:27:04'),
(1069, 1, 590, 'Khiarra Crystal L.  ', 'CASTILLO', 'JHS 10 Peace', 'Grade 10', 'Peace', '09:27:06', '2023-February-17', 'Logged Out', '2023-02-17 09:27:06'),
(1070, 1, 586, 'Raika Charmel D.  ', 'ALAS', 'JHS 10 Peace', 'Grade 10', 'Peace', '09:27:07', '2023-February-17', 'Logged Out', '2023-02-17 09:27:07'),
(1071, 1, 598, 'Julianne Lexy O.  ', 'GONZALES', 'JHS 10 Peace', 'Grade 10', 'Peace', '09:27:13', '2023-February-17', 'Logged Out', '2023-02-17 09:27:13'),
(1072, 1, 150, 'Isabelle Rae D.S.  	', 'BATU', 'JHS 7 Faith', 'Grade 7', 'Faith', '09:32:36', '2023-February-17', 'Logged In', '2023-02-17 09:32:36'),
(1073, 1, 88, 'Jordan Dwyane A.  	', 'GARCIA', 'JHS 7 Chastity', 'Grade 7', 'Chastity', '09:33:54', '2023-February-17', 'Logged In', '2023-02-17 09:33:54'),
(1074, 1, 193, 'Shan Tsen I.  *', 'TAN', 'JHS 7 Fortitude', 'Grade 7', 'Fortitude', '09:34:02', '2023-February-17', 'Logged In', '2023-02-17 09:34:02'),
(1075, 1, 183, 'Samantha Lewis G.  ', 'BERMUDEZ', 'JHS 7 Fortitude', 'Grade 7', 'Fortitude', '09:34:04', '2023-February-17', 'Logged In', '2023-02-17 09:34:04'),
(1076, 1, 183, 'Samantha Lewis G.  ', 'BERMUDEZ', 'JHS 7 Fortitude', 'Grade 7', 'Fortitude', '09:35:25', '2023-February-17', 'Logged Out', '2023-02-17 09:35:25'),
(1077, 1, 193, 'Shan Tsen I.  *', 'TAN', 'JHS 7 Fortitude', 'Grade 7', 'Fortitude', '09:35:29', '2023-February-17', 'Logged Out', '2023-02-17 09:35:29'),
(1078, 1, 88, 'Jordan Dwyane A.  	', 'GARCIA', 'JHS 7 Chastity', 'Grade 7', 'Chastity', '09:36:57', '2023-February-17', 'Logged Out', '2023-02-17 09:36:57'),
(1079, 1, 156, 'Jianne Candice N.  	', 'GELBOLINGO', 'JHS 7 Faith', 'Grade 7', 'Faith', '09:37:16', '2023-February-17', 'Logged In', '2023-02-17 09:37:16'),
(1080, 1, 163, 'Julia Alexandra T.  	', 'TAN', 'JHS 7 Faith', 'Grade 7', 'Faith', '09:37:27', '2023-February-17', 'Logged In', '2023-02-17 09:37:27'),
(1081, 1, 504, 'John Patrick P.  ', 'YAP', 'JHS 9 Modesty', 'Grade 9', 'Modesty', '09:37:51', '2023-February-17', 'Logged In', '2023-02-17 09:37:51'),
(1082, 1, 491, 'Jarey Chedo E.  ', 'DIEZ', 'JHS 9 Modesty', 'Grade 9', 'Modesty', '09:38:19', '2023-February-17', 'Logged In', '2023-02-17 09:38:19'),
(1083, 1, 488, 'Zelou Emanuel I.  ', 'BULAC', 'JHS 9 Modesty', 'Grade 9', 'Modesty', '09:38:24', '2023-February-17', 'Logged In', '2023-02-17 09:38:24'),
(1084, 1, 486, 'Clark Ivan G.  ', 'BENTULAN', 'JHS 9 Modesty', 'Grade 9', 'Modesty', '09:38:35', '2023-February-17', 'Logged In', '2023-02-17 09:38:35'),
(1085, 1, 401, 'Rheana Audrey C.  ', 'RODRIGO', 'JHS 9 Joy', 'Grade 9', 'Joy', '09:46:31', '2023-February-17', 'Logged In', '2023-02-17 09:46:32'),
(1086, 1, 367, 'John Harry A.  ', 'AROCHA', 'JHS 9 Joy', 'Grade 9', 'Joy', '09:46:36', '2023-February-17', 'Logged In', '2023-02-17 09:46:36'),
(1087, 1, 475, 'Carmela Marie G.  ', 'FUENTES', 'JHS 9 Loyalty', 'Grade 9', 'Loyalty', '09:46:39', '2023-February-17', 'Logged In', '2023-02-17 09:46:39'),
(1088, 1, 169, 'Jansen Kaye C.  *', 'CASTAÑARES', 'JHS 7 Fortitude', 'Grade 7', 'Fortitude', '09:46:44', '2023-February-17', 'Logged In', '2023-02-17 09:46:44'),
(1089, 1, 68, 'Sophia Simone S.  	', 'BALINGCOS', '', '', '', '09:47:47', '2023-February-17', 'Logged In', '2023-02-17 09:47:47'),
(1090, 1, 156, 'Jianne Candice N.  	', 'GELBOLINGO', 'JHS 7 Faith', 'Grade 7', 'Faith', '09:47:51', '2023-February-17', 'Logged Out', '2023-02-17 09:47:51'),
(1091, 1, 163, 'Julia Alexandra T.  	', 'TAN', 'JHS 7 Faith', 'Grade 7', 'Faith', '09:47:58', '2023-February-17', 'Logged Out', '2023-02-17 09:47:58'),
(1092, 1, 491, 'Jarey Chedo E.  ', 'DIEZ', 'JHS 9 Modesty', 'Grade 9', 'Modesty', '09:48:20', '2023-February-17', 'Logged Out', '2023-02-17 09:48:20'),
(1093, 1, 486, 'Clark Ivan G.  ', 'BENTULAN', 'JHS 9 Modesty', 'Grade 9', 'Modesty', '09:48:21', '2023-February-17', 'Logged Out', '2023-02-17 09:48:21'),
(1094, 1, 488, 'Zelou Emanuel I.  ', 'BULAC', 'JHS 9 Modesty', 'Grade 9', 'Modesty', '09:48:29', '2023-February-17', 'Logged Out', '2023-02-17 09:48:29'),
(1095, 1, 169, 'Jansen Kaye C.  *', 'CASTAÑARES', 'JHS 7 Fortitude', 'Grade 7', 'Fortitude', '09:49:11', '2023-February-17', 'Logged Out', '2023-02-17 09:49:11'),
(1096, 1, 190, 'Samantha Sabina M.  ', 'MEJORADA', 'JHS 7 Fortitude', 'Grade 7', 'Fortitude', '09:49:13', '2023-February-17', 'Logged In', '2023-02-17 09:49:13'),
(1097, 1, 150, 'Isabelle Rae D.S.  	', 'BATU', 'JHS 7 Faith', 'Grade 7', 'Faith', '09:50:36', '2023-February-17', 'Logged Out', '2023-02-17 09:50:36'),
(1098, 1, 475, 'Carmela Marie G.  ', 'FUENTES', 'JHS 9 Loyalty', 'Grade 9', 'Loyalty', '09:50:53', '2023-February-17', 'Logged Out', '2023-02-17 09:50:53'),
(1099, 1, 367, 'John Harry A.  ', 'AROCHA', 'JHS 9 Joy', 'Grade 9', 'Joy', '09:51:24', '2023-February-17', 'Logged Out', '2023-02-17 09:51:24'),
(1100, 1, 401, 'Rheana Audrey C.  ', 'RODRIGO', 'JHS 9 Joy', 'Grade 9', 'Joy', '09:51:48', '2023-February-17', 'Logged Out', '2023-02-17 09:51:48'),
(1101, 1, 331, 'John Patrick M.  ', 'ANG', 'JHS 8 Integrity', 'Grade 8', 'Integrity', '11:00:46', '2023-February-17', 'Logged In', '2023-02-17 11:00:46'),
(1102, 1, 431, 'Prince John Rich A.  ', 'SITSIT', 'JHS 9 Justice', 'Grade 9', 'Justice', '10:13:23', '2023-February-21', 'Logged In', '2023-02-21 10:13:23'),
(1103, 1, 436, 'Ernesto A.  ', 'MANUAY ', 'JHS 9 Justice', 'Grade 9', 'Justice', '10:14:01', '2023-February-21', 'Logged In', '2023-02-21 10:14:01'),
(1104, 1, 434, 'Justin Gabriel D.  ', 'RALLOS', 'JHS 9 Justice', 'Grade 9', 'Justice', '10:14:02', '2023-February-21', 'Logged In', '2023-02-21 10:14:02'),
(1105, 1, 436, 'Ernesto A.  ', 'MANUAY ', 'JHS 9 Justice', 'Grade 9', 'Justice', '10:21:55', '2023-February-21', 'Logged Out', '2023-02-21 10:21:55'),
(1106, 1, 434, 'Justin Gabriel D.  ', 'RALLOS', 'JHS 9 Justice', 'Grade 9', 'Justice', '10:30:55', '2023-February-21', 'Logged Out', '2023-02-21 10:30:55'),
(1107, 1, 436, 'Ernesto A.  ', 'MANUAY ', 'JHS 9 Justice', 'Grade 9', 'Justice', '10:39:31', '2023-February-21', 'Logged In', '2023-02-21 10:39:31'),
(1108, 1, 431, 'Prince John Rich A.  ', 'SITSIT', 'JHS 9 Justice', 'Grade 9', 'Justice', '10:46:57', '2023-February-21', 'Logged Out', '2023-02-21 10:46:57'),
(1109, 1, 431, 'Prince John Rich A.  ', 'SITSIT', 'JHS 9 Justice', 'Grade 9', 'Justice', '10:49:36', '2023-February-21', 'Logged In', '2023-02-21 10:49:36');
INSERT INTO `attn_tbl` (`id`, `admin_id`, `code_id`, `name`, `lastname`, `level`, `grade_level`, `section`, `time`, `datename`, `status`, `date`) VALUES
(1110, 1, 431, 'Prince John Rich A.  ', 'SITSIT', 'JHS 9 Justice', 'Grade 9', 'Justice', '10:52:58', '2023-February-21', 'Logged Out', '2023-02-21 10:52:58'),
(1111, 1, 436, 'Ernesto A.  ', 'MANUAY ', 'JHS 9 Justice', 'Grade 9', 'Justice', '10:54:16', '2023-February-21', 'Logged Out', '2023-02-21 10:54:16'),
(1112, 1, 431, 'Prince John Rich A.  ', 'SITSIT', 'JHS 9 Justice', 'Grade 9', 'Justice', '11:13:17', '2023-February-21', 'Logged In', '2023-02-21 11:13:17'),
(1113, 1, 434, 'Justin Gabriel D.  ', 'RALLOS', 'JHS 9 Justice', 'Grade 9', 'Justice', '11:13:30', '2023-February-21', 'Logged In', '2023-02-21 11:13:30'),
(1114, 1, 436, 'Ernesto A.  ', 'MANUAY ', 'JHS 9 Justice', 'Grade 9', 'Justice', '11:13:30', '2023-February-21', 'Logged In', '2023-02-21 11:13:30'),
(1115, 1, 432, 'Ryle Andrei A.  ', 'SECRETARIA', 'JHS 9 Justice', 'Grade 9', 'Justice', '01:03:52', '2023-February-21', 'Logged In', '2023-02-21 13:03:53'),
(1116, 1, 425, 'Abigail J.  ', 'ALVARAN', 'JHS 9 Justice', '', '', '08:56:58', '2023-February-22', 'Logged In', '2023-02-22 08:56:58'),
(1117, 1, 424, 'Febie Marie L.  ', 'AMANG', 'JHS 9 Justice', '', '', '08:56:58', '2023-February-22', 'Logged In', '2023-02-22 08:56:58'),
(1118, 1, 426, 'Franco Nicolas W.  ', 'ZUBIETA', 'JHS 9 Justice', '', '', '09:00:33', '2023-February-22', 'Logged Out', '2023-02-22 09:00:33'),
(1119, 1, 427, 'Aeddan Lance D.', 'ZAPANTA', 'JHS 9 Justice', '', '', '09:00:33', '2023-February-22', 'Logged Out', '2023-02-22 09:00:33'),
(1120, 1, 424, 'Febie Marie L.  ', 'AMANG', 'JHS 9 Justice', '', '', '09:07:29', '2023-February-22', 'Logged Out', '2023-02-22 09:07:29'),
(1121, 1, 425, 'Abigail J.  ', 'ALVARAN', 'JHS 9 Justice', '', '', '09:07:30', '2023-February-22', 'Logged Out', '2023-02-22 09:07:30'),
(1122, 1, 737, 'Hatchi', 'kudo', '', '', '', '11:06:25', '2023-February-22', 'Logged In', '2023-02-22 11:06:25'),
(1123, 1, 424, 'Febie Marie L.  ', 'AMANG', 'JHS 9 Justice', '', '', '09:08:50', '2023-February-23', 'Logged In', '2023-02-23 09:08:50'),
(1124, 1, 432, 'Ryle Andrei A.  ', 'SECRETARIA', 'JHS 9 Justice', '', '', '09:09:10', '2023-February-23', 'Logged In', '2023-02-23 09:09:10'),
(1125, 1, 432, 'Ryle Andrei A.  ', 'SECRETARIA', 'JHS 9 Justice', '', '', '09:11:10', '2023-February-23', 'Logged Out', '2023-02-23 09:11:10'),
(1126, 1, 150, 'Isabelle Rae D.S.  	', 'BATU', 'JHS 7 Faith', '', '', '09:20:53', '2023-February-23', 'Logged In', '2023-02-23 09:20:53'),
(1127, 1, 167, 'Emmanuel Joaquin R.  ', 'CARLOS', 'JHS 7 Fortitude', '', '', '09:34:32', '2023-February-23', 'Logged In', '2023-02-23 09:34:32'),
(1128, 1, 88, 'Jordan Dwyane A.  	', 'GARCIA', 'JHS 7 Chastity', '', '', '09:34:51', '2023-February-23', 'Logged In', '2023-02-23 09:34:52'),
(1129, 1, 166, 'Kenneth V.  ', 'BASAÑES', 'JHS 7 Fortitude', '', '', '09:35:19', '2023-February-23', 'Logged In', '2023-02-23 09:35:19'),
(1130, 1, 378, 'Karl Anthony L.  ', 'MOLADO', 'JHS 9 Joy', '', '', '09:35:37', '2023-February-23', 'Logged In', '2023-02-23 09:35:37'),
(1131, 1, 488, 'Zelou Emanuel I.  ', 'BULAC', 'JHS 9 Modesty', '', '', '09:36:13', '2023-February-23', 'Logged In', '2023-02-23 09:36:14'),
(1132, 1, 491, 'Jarey Chedo E.  ', 'DIEZ', 'JHS 9 Modesty', '', '', '09:36:43', '2023-February-23', 'Logged In', '2023-02-23 09:36:43'),
(1133, 1, 380, 'Gian Marco F.  ', 'REGULACION', 'JHS 9 Joy', '', '', '09:36:45', '2023-February-23', 'Logged In', '2023-02-23 09:36:45'),
(1134, 1, 167, 'Emmanuel Joaquin R.  ', 'CARLOS', 'JHS 7 Fortitude', '', '', '09:37:34', '2023-February-23', 'Logged Out', '2023-02-23 09:37:34'),
(1135, 1, 68, 'Sophia Simone S.  	', 'BALINGCOS', '', '', '', '09:39:39', '2023-February-23', 'Logged In', '2023-02-23 09:39:39'),
(1136, 1, 156, 'Jianne Candice N.  	', 'GELBOLINGO', 'JHS 7 Faith', '', '', '09:39:56', '2023-February-23', 'Logged In', '2023-02-23 09:39:57'),
(1137, 1, 401, 'Rheana Audrey C.  ', 'RODRIGO', 'JHS 9 Joy', '', '', '09:41:19', '2023-February-23', 'Logged In', '2023-02-23 09:41:19'),
(1138, 1, 367, 'John Harry A.  ', 'AROCHA', 'JHS 9 Joy', '', '', '09:41:33', '2023-February-23', 'Logged In', '2023-02-23 09:41:33'),
(1139, 1, 371, 'Tyrone Miguel T.  ', 'CRUZ', 'JHS 9 Joy', '', '', '09:42:40', '2023-February-23', 'Logged In', '2023-02-23 09:42:41'),
(1140, 1, 88, 'Jordan Dwyane A.  	', 'GARCIA', 'JHS 7 Chastity', '', '', '09:43:11', '2023-February-23', 'Logged Out', '2023-02-23 09:43:11'),
(1141, 1, 156, 'Jianne Candice N.  	', 'GELBOLINGO', 'JHS 7 Faith', '', '', '09:45:02', '2023-February-23', 'Logged Out', '2023-02-23 09:45:02'),
(1142, 1, 68, 'Sophia Simone S.  	', 'BALINGCOS', '', '', '', '09:45:04', '2023-February-23', 'Logged Out', '2023-02-23 09:45:04'),
(1143, 1, 166, 'Kenneth V.  ', 'BASAÑES', 'JHS 7 Fortitude', '', '', '09:45:14', '2023-February-23', 'Logged Out', '2023-02-23 09:45:14'),
(1144, 1, 486, 'Clark Ivan G.  ', 'BENTULAN', 'JHS 9 Modesty', '', '', '09:47:17', '2023-February-23', 'Logged In', '2023-02-23 09:47:17'),
(1145, 1, 491, 'Jarey Chedo E.  ', 'DIEZ', 'JHS 9 Modesty', '', '', '09:47:30', '2023-February-23', 'Logged Out', '2023-02-23 09:47:30'),
(1146, 1, 371, 'Tyrone Miguel T.  ', 'CRUZ', 'JHS 9 Joy', '', '', '09:47:34', '2023-February-23', 'Logged Out', '2023-02-23 09:47:34'),
(1147, 1, 380, 'Gian Marco F.  ', 'REGULACION', 'JHS 9 Joy', '', '', '09:47:39', '2023-February-23', 'Logged Out', '2023-02-23 09:47:39'),
(1148, 1, 504, 'John Patrick P.  ', 'YAP', 'JHS 9 Modesty', '', '', '09:47:41', '2023-February-23', 'Logged In', '2023-02-23 09:47:41'),
(1149, 1, 378, 'Karl Anthony L.  ', 'MOLADO', 'JHS 9 Joy', '', '', '09:47:53', '2023-February-23', 'Logged Out', '2023-02-23 09:47:53'),
(1150, 1, 502, 'Gabriel Roi G.  ', 'UY', 'JHS 9 Modesty', '', '', '09:48:00', '2023-February-23', 'Logged In', '2023-02-23 09:48:00'),
(1151, 1, 488, 'Zelou Emanuel I.  ', 'BULAC', 'JHS 9 Modesty', '', '', '09:48:31', '2023-February-23', 'Logged Out', '2023-02-23 09:48:31'),
(1152, 1, 367, 'John Harry A.  ', 'AROCHA', 'JHS 9 Joy', '', '', '09:49:31', '2023-February-23', 'Logged Out', '2023-02-23 09:49:31'),
(1153, 1, 401, 'Rheana Audrey C.  ', 'RODRIGO', 'JHS 9 Joy', '', '', '09:49:34', '2023-February-23', 'Logged Out', '2023-02-23 09:49:34'),
(1154, 1, 244, 'Janne Alexandria L.  ', 'ANG', 'JHS 8 Honesty', '', '', '09:55:39', '2023-February-23', 'Logged In', '2023-02-23 09:55:39'),
(1155, 1, 244, 'Janne Alexandria L.  ', 'ANG', 'JHS 8 Honesty', '', '', '09:57:00', '2023-February-23', 'Logged Out', '2023-02-23 09:57:00'),
(1156, 1, 271, 'Jm A.  ', 'RECALDE', 'JHS 8 Hope', '', '', '02:27:05', '2023-February-23', 'Logged In', '2023-02-23 14:27:05'),
(1157, 1, 271, 'Jm A.  ', 'RECALDE', 'JHS 8 Hope', '', '', '02:28:11', '2023-February-23', 'Logged Out', '2023-02-23 14:28:11'),
(1158, 1, 427, 'Aeddan Lance D.', 'ZAPANTA', 'JHS 9 Justice', '', '', '09:36:06', '2023-February-28', 'Logged In', '2023-02-28 09:36:06'),
(1159, 1, 376, 'Roland Ivan M.  ', 'LAGAPA', 'JHS 9 Joy', '', '', '09:36:09', '2023-February-28', 'Logged In', '2023-02-28 09:36:09'),
(1160, 1, 378, 'Karl Anthony L.  ', 'MOLADO', 'JHS 9 Joy', '', '', '09:36:11', '2023-February-28', 'Logged In', '2023-02-28 09:36:11'),
(1161, 1, 380, 'Gian Marco F.  ', 'REGULACION', 'JHS 9 Joy', '', '', '09:36:54', '2023-February-28', 'Logged In', '2023-02-28 09:36:54'),
(1162, 1, 133, 'Athena Viel C.  	', 'ZAMORA', 'JHS 7 Courage', '', '', '09:37:07', '2023-February-28', 'Logged In', '2023-02-28 09:37:07'),
(1163, 1, 88, 'Jordan Dwyane A.  	', 'GARCIA', 'JHS 7 Chastity', '', '', '09:37:13', '2023-February-28', 'Logged In', '2023-02-28 09:37:13'),
(1164, 1, 150, 'Isabelle Rae D.S.  	', 'BATU', 'JHS 7 Faith', '', '', '09:37:22', '2023-February-28', 'Logged Out', '2023-02-28 09:37:22'),
(1165, 1, 443, 'Darilo E.  ', 'BUTONG', 'JHS 9 Justice', '', '', '09:37:39', '2023-February-28', 'Logged In', '2023-02-28 09:37:39'),
(1166, 1, 324, 'Rhionne Fae R.  ', 'PAYOT', 'JHS 8 Humility', '', '', '09:38:09', '2023-February-28', 'Logged In', '2023-02-28 09:38:10'),
(1167, 1, 193, 'Shan Tsen I.  *', 'TAN', 'JHS 7 Fortitude', '', '', '09:38:13', '2023-February-28', 'Logged In', '2023-02-28 09:38:13'),
(1168, 1, 185, 'Cyan Joy Amarah A.  ', 'CARBONELL', 'JHS 7 Fortitude', '', '', '09:38:20', '2023-February-28', 'Logged In', '2023-02-28 09:38:20'),
(1169, 1, 88, 'Jordan Dwyane A.  	', 'GARCIA', 'JHS 7 Chastity', '', '', '09:38:43', '2023-February-28', 'Logged Out', '2023-02-28 09:38:43'),
(1170, 1, 196, 'Keira Maiev B.  ', 'VILLAMOR', 'JHS 7 Fortitude', '', '', '09:39:04', '2023-February-28', 'Logged In', '2023-02-28 09:39:04'),
(1171, 1, 193, 'Shan Tsen I.  *', 'TAN', 'JHS 7 Fortitude', '', '', '09:40:02', '2023-February-28', 'Logged Out', '2023-02-28 09:40:02'),
(1172, 1, 185, 'Cyan Joy Amarah A.  ', 'CARBONELL', 'JHS 7 Fortitude', '', '', '09:40:04', '2023-February-28', 'Logged Out', '2023-02-28 09:40:04'),
(1173, 1, 134, 'Josiah Liam G.  	', 'BANTIDING', 'JHS 7 Faith', '', '', '09:40:13', '2023-February-28', 'Logged In', '2023-02-28 09:40:14'),
(1174, 1, 324, 'Rhionne Fae R.  ', 'PAYOT', 'JHS 8 Humility', '', '', '09:40:15', '2023-February-28', 'Logged Out', '2023-02-28 09:40:15'),
(1175, 1, 688, 'Gerroldeene Maire D.  ', 'PE', 'JHS 10 Service', '', '', '09:41:14', '2023-February-28', 'Logged In', '2023-02-28 09:41:14'),
(1176, 1, 691, 'Marie Paula Antonia A.  ', 'VENUS', 'JHS 10 Service', '', '', '09:41:22', '2023-February-28', 'Logged In', '2023-02-28 09:41:22'),
(1177, 1, 153, 'Angel Janine C.  	', 'DELIZO', 'JHS 7 Faith', '', '', '09:41:30', '2023-February-28', 'Logged In', '2023-02-28 09:41:30'),
(1178, 1, 166, 'Kenneth V.  ', 'BASAÑES', 'JHS 7 Fortitude', '', '', '09:41:38', '2023-February-28', 'Logged In', '2023-02-28 09:41:38'),
(1179, 1, 142, 'John Joaquin A.  	', 'REAS', 'JHS 7 Faith', '', '', '09:42:04', '2023-February-28', 'Logged In', '2023-02-28 09:42:04'),
(1180, 1, 427, 'Aeddan Lance D.', 'ZAPANTA', 'JHS 9 Justice', '', '', '09:43:08', '2023-February-28', 'Logged Out', '2023-02-28 09:43:08'),
(1181, 1, 443, 'Darilo E.  ', 'BUTONG', 'JHS 9 Justice', '', '', '09:43:17', '2023-February-28', 'Logged Out', '2023-02-28 09:43:17'),
(1182, 1, 378, 'Karl Anthony L.  ', 'MOLADO', 'JHS 9 Joy', '', '', '09:43:21', '2023-February-28', 'Logged Out', '2023-02-28 09:43:21'),
(1183, 1, 380, 'Gian Marco F.  ', 'REGULACION', 'JHS 9 Joy', '', '', '09:43:27', '2023-February-28', 'Logged Out', '2023-02-28 09:43:27'),
(1184, 1, 643, 'Jennilyn A.  ', 'REGALADO', 'JHS 10 Piety', '', '', '09:43:29', '2023-February-28', 'Logged In', '2023-02-28 09:43:29'),
(1185, 1, 139, 'John Rhaiver J.  	', 'MONTECALVO', 'JHS 7 Faith', '', '', '09:44:00', '2023-February-28', 'Logged In', '2023-02-28 09:44:00'),
(1186, 1, 175, 'Joshua Uriel P.  ', 'MENCIDOR', 'JHS 7 Fortitude', '', '', '09:44:21', '2023-February-28', 'Logged In', '2023-02-28 09:44:21'),
(1187, 1, 643, 'Jennilyn A.  ', 'REGALADO', 'JHS 10 Piety', '', '', '09:44:35', '2023-February-28', 'Logged Out', '2023-02-28 09:44:35'),
(1188, 1, 288, 'Sophia Michaela M.  ', 'MAQUILAN', 'JHS 8 Hope', '', '', '09:44:40', '2023-February-28', 'Logged In', '2023-02-28 09:44:40'),
(1189, 1, 279, 'Jinina Myiesha L.  ', 'DENILA', 'JHS 8 Hope', '', '', '09:45:02', '2023-February-28', 'Logged In', '2023-02-28 09:45:02'),
(1190, 1, 289, 'Samantha Norine B.  ', 'MESIAS', 'JHS 8 Hope', '', '', '09:45:10', '2023-February-28', 'Logged In', '2023-02-28 09:45:10'),
(1191, 1, 371, 'Tyrone Miguel T.  ', 'CRUZ', 'JHS 9 Joy', '', '', '09:45:26', '2023-February-28', 'Logged In', '2023-02-28 09:45:26'),
(1192, 1, 175, 'Joshua Uriel P.  ', 'MENCIDOR', 'JHS 7 Fortitude', '', '', '09:46:04', '2023-February-28', 'Logged Out', '2023-02-28 09:46:04'),
(1193, 1, 288, 'Sophia Michaela M.  ', 'MAQUILAN', 'JHS 8 Hope', '', '', '09:46:08', '2023-February-28', 'Logged Out', '2023-02-28 09:46:08'),
(1194, 1, 279, 'Jinina Myiesha L.  ', 'DENILA', 'JHS 8 Hope', '', '', '09:46:11', '2023-February-28', 'Logged Out', '2023-02-28 09:46:11'),
(1195, 1, 289, 'Samantha Norine B.  ', 'MESIAS', 'JHS 8 Hope', '', '', '09:46:23', '2023-February-28', 'Logged Out', '2023-02-28 09:46:23'),
(1196, 1, 691, 'Marie Paula Antonia A.  ', 'VENUS', 'JHS 10 Service', '', '', '09:46:39', '2023-February-28', 'Logged Out', '2023-02-28 09:46:39'),
(1197, 1, 688, 'Gerroldeene Maire D.  ', 'PE', 'JHS 10 Service', '', '', '09:46:42', '2023-February-28', 'Logged Out', '2023-02-28 09:46:42'),
(1198, 1, 371, 'Tyrone Miguel T.  ', 'CRUZ', 'JHS 9 Joy', '', '', '09:47:08', '2023-February-28', 'Logged Out', '2023-02-28 09:47:08'),
(1199, 1, 686, 'Cheska Harianne A.  ', 'NAVALES', 'JHS 10 Service', '', '', '09:47:13', '2023-February-28', 'Logged In', '2023-02-28 09:47:13'),
(1200, 1, 142, 'John Joaquin A.  	', 'REAS', 'JHS 7 Faith', '', '', '09:47:48', '2023-February-28', 'Logged Out', '2023-02-28 09:47:49'),
(1201, 1, 690, 'Adrielle Claire L.  ', 'SOMOSOT', 'JHS 10 Service', '', '', '09:48:01', '2023-February-28', 'Logged In', '2023-02-28 09:48:01'),
(1202, 1, 166, 'Kenneth V.  ', 'BASAÑES', 'JHS 7 Fortitude', '', '', '09:48:18', '2023-February-28', 'Logged Out', '2023-02-28 09:48:18'),
(1203, 1, 153, 'Angel Janine C.  	', 'DELIZO', 'JHS 7 Faith', '', '', '09:48:27', '2023-February-28', 'Logged Out', '2023-02-28 09:48:27'),
(1204, 1, 196, 'Keira Maiev B.  ', 'VILLAMOR', 'JHS 7 Fortitude', '', '', '09:48:34', '2023-February-28', 'Logged Out', '2023-02-28 09:48:34'),
(1205, 1, 134, 'Josiah Liam G.  	', 'BANTIDING', 'JHS 7 Faith', '', '', '09:48:38', '2023-February-28', 'Logged Out', '2023-02-28 09:48:39'),
(1206, 1, 686, 'Cheska Harianne A.  ', 'NAVALES', 'JHS 10 Service', '', '', '09:48:54', '2023-February-28', 'Logged Out', '2023-02-28 09:48:54'),
(1207, 1, 150, 'Isabelle Rae D.S.  	', 'BATU', 'JHS 7 Faith', '', '', '09:49:24', '2023-February-28', 'Logged In', '2023-02-28 09:49:24'),
(1208, 1, 690, 'Adrielle Claire L.  ', 'SOMOSOT', 'JHS 10 Service', '', '', '09:49:39', '2023-February-28', 'Logged Out', '2023-02-28 09:49:39'),
(1209, 1, 184, 'Shiley Gwenvere R.  ', 'CANOPEN', 'JHS 7 Fortitude', '', '', '08:54:09', '2023-March-02', 'Logged In', '2023-03-02 08:54:10'),
(1210, 1, 184, 'Shiley Gwenvere R.  ', 'CANOPEN', 'JHS 7 Fortitude', '', '', '08:55:13', '2023-March-02', 'Logged Out', '2023-03-02 08:55:13'),
(1211, 1, 88, 'Jordan Dwyane A.  	', 'GARCIA', 'JHS 7 Chastity', '', '', '09:33:46', '2023-March-02', 'Logged In', '2023-03-02 09:33:46'),
(1212, 1, 167, 'Emmanuel Joaquin R.  ', 'CARLOS', 'JHS 7 Fortitude', '', '', '09:33:58', '2023-March-02', 'Logged In', '2023-03-02 09:33:58'),
(1213, 1, 455, 'Miguel Alfonso A.  ', 'MANAOIS', 'JHS 9 Loyalty', '', '', '09:34:32', '2023-March-02', 'Logged In', '2023-03-02 09:34:32'),
(1214, 1, 461, 'Albert Anthony P.  ', 'SALVO', 'JHS 9 Loyalty', '', '', '09:34:49', '2023-March-02', 'Logged In', '2023-03-02 09:34:49'),
(1215, 1, 453, 'Reighn Nicolai P.  ', 'ESTRADA', 'JHS 9 Loyalty', '', '', '09:34:53', '2023-March-02', 'Logged In', '2023-03-02 09:34:53'),
(1216, 1, 367, 'John Harry A.  ', 'AROCHA', 'JHS 9 Joy', '', '', '09:36:33', '2023-March-02', 'Logged In', '2023-03-02 09:36:33'),
(1217, 1, 401, 'Rheana Audrey C.  ', 'RODRIGO', 'JHS 9 Joy', '', '', '09:36:45', '2023-March-02', 'Logged In', '2023-03-02 09:36:45'),
(1218, 1, 475, 'Carmela Marie G.  ', 'FUENTES', 'JHS 9 Loyalty', '', '', '09:36:50', '2023-March-02', 'Logged In', '2023-03-02 09:36:50'),
(1219, 1, 427, 'Aeddan Lance D.', 'ZAPANTA', 'JHS 9 Justice', '', '', '09:37:03', '2023-March-02', 'Logged In', '2023-03-02 09:37:03'),
(1220, 1, 378, 'Karl Anthony L.  ', 'MOLADO', 'JHS 9 Joy', '', '', '09:37:10', '2023-March-02', 'Logged In', '2023-03-02 09:37:11'),
(1221, 1, 380, 'Gian Marco F.  ', 'REGULACION', 'JHS 9 Joy', '', '', '09:37:14', '2023-March-02', 'Logged In', '2023-03-02 09:37:14'),
(1222, 1, 392, 'Helaena G.  ', 'ESTEMAR', 'JHS 9 Joy', '', '', '09:39:34', '2023-March-02', 'Logged In', '2023-03-02 09:39:34'),
(1223, 1, 402, 'Treskiah C.  ', 'ROSACAY', 'JHS 9 Joy', '', '', '09:39:46', '2023-March-02', 'Logged In', '2023-03-02 09:39:46'),
(1224, 1, 403, 'Stellar N.  ', 'SALES', 'JHS 9 Joy', '', '', '09:39:56', '2023-March-02', 'Logged In', '2023-03-02 09:39:56'),
(1225, 1, 400, 'Venice Marie B.  ', 'QUIÑON', 'JHS 9 Joy', '', '', '09:39:58', '2023-March-02', 'Logged In', '2023-03-02 09:39:58'),
(1226, 1, 398, 'Julia Margarita S.  ', 'PADILLA', 'JHS 9 Joy', '', '', '09:40:00', '2023-March-02', 'Logged In', '2023-03-02 09:40:00'),
(1227, 1, 404, 'Denise Beatrice C.  ', 'SICCIO', 'JHS 9 Joy', '', '', '09:40:03', '2023-March-02', 'Logged In', '2023-03-02 09:40:03'),
(1228, 1, 391, 'Lois Angelica Marie C.  *', 'ENRIQUEZ', 'JHS 9 Joy', '', '', '09:40:05', '2023-March-02', 'Logged In', '2023-03-02 09:40:05'),
(1229, 1, 393, 'Alijhana Faith P.  ', 'ESTIBAR', 'JHS 9 Joy', '', '', '09:40:11', '2023-March-02', 'Logged In', '2023-03-02 09:40:11'),
(1230, 1, 388, 'Rianne Leigh L.  ', 'DACAY', 'JHS 9 Joy', '', '', '09:40:35', '2023-March-02', 'Logged In', '2023-03-02 09:40:35'),
(1231, 1, 395, 'Samantha Rey C.  ', 'LARUTIN', 'JHS 9 Joy', '', '', '09:40:39', '2023-March-02', 'Logged In', '2023-03-02 09:40:39'),
(1232, 1, 376, 'Roland Ivan M.  ', 'LAGAPA', 'JHS 9 Joy', '', '', '09:42:13', '2023-March-02', 'Logged In', '2023-03-02 09:42:13'),
(1233, 1, 402, 'Treskiah C.  ', 'ROSACAY', 'JHS 9 Joy', '', '', '09:43:12', '2023-March-02', 'Logged Out', '2023-03-02 09:43:12'),
(1234, 1, 392, 'Helaena G.  ', 'ESTEMAR', 'JHS 9 Joy', '', '', '09:43:16', '2023-March-02', 'Logged Out', '2023-03-02 09:43:16'),
(1235, 1, 403, 'Stellar N.  ', 'SALES', 'JHS 9 Joy', '', '', '09:43:20', '2023-March-02', 'Logged Out', '2023-03-02 09:43:20'),
(1236, 1, 400, 'Venice Marie B.  ', 'QUIÑON', 'JHS 9 Joy', '', '', '09:43:22', '2023-March-02', 'Logged Out', '2023-03-02 09:43:22'),
(1237, 1, 395, 'Samantha Rey C.  ', 'LARUTIN', 'JHS 9 Joy', '', '', '09:43:27', '2023-March-02', 'Logged Out', '2023-03-02 09:43:27'),
(1238, 1, 398, 'Julia Margarita S.  ', 'PADILLA', 'JHS 9 Joy', '', '', '09:43:28', '2023-March-02', 'Logged Out', '2023-03-02 09:43:28'),
(1239, 1, 388, 'Rianne Leigh L.  ', 'DACAY', 'JHS 9 Joy', '', '', '09:43:32', '2023-March-02', 'Logged Out', '2023-03-02 09:43:32'),
(1240, 1, 461, 'Albert Anthony P.  ', 'SALVO', 'JHS 9 Loyalty', '', '', '09:43:47', '2023-March-02', 'Logged Out', '2023-03-02 09:43:47'),
(1241, 1, 453, 'Reighn Nicolai P.  ', 'ESTRADA', 'JHS 9 Loyalty', '', '', '09:43:53', '2023-March-02', 'Logged Out', '2023-03-02 09:43:53'),
(1242, 1, 455, 'Miguel Alfonso A.  ', 'MANAOIS', 'JHS 9 Loyalty', '', '', '09:43:58', '2023-March-02', 'Logged Out', '2023-03-02 09:43:58'),
(1243, 1, 427, 'Aeddan Lance D.', 'ZAPANTA', 'JHS 9 Justice', '', '', '09:44:04', '2023-March-02', 'Logged Out', '2023-03-02 09:44:05'),
(1244, 1, 378, 'Karl Anthony L.  ', 'MOLADO', 'JHS 9 Joy', '', '', '09:44:08', '2023-March-02', 'Logged Out', '2023-03-02 09:44:08'),
(1245, 1, 404, 'Denise Beatrice C.  ', 'SICCIO', 'JHS 9 Joy', '', '', '09:44:11', '2023-March-02', 'Logged Out', '2023-03-02 09:44:11'),
(1246, 1, 376, 'Roland Ivan M.  ', 'LAGAPA', 'JHS 9 Joy', '', '', '09:44:14', '2023-March-02', 'Logged Out', '2023-03-02 09:44:14'),
(1247, 1, 380, 'Gian Marco F.  ', 'REGULACION', 'JHS 9 Joy', '', '', '09:44:32', '2023-March-02', 'Logged Out', '2023-03-02 09:44:32'),
(1248, 1, 167, 'Emmanuel Joaquin R.  ', 'CARLOS', 'JHS 7 Fortitude', '', '', '09:44:45', '2023-March-02', 'Logged Out', '2023-03-02 09:44:45'),
(1249, 1, 88, 'Jordan Dwyane A.  	', 'GARCIA', 'JHS 7 Chastity', '', '', '09:44:57', '2023-March-02', 'Logged Out', '2023-03-02 09:44:57'),
(1250, 1, 150, 'Isabelle Rae D.S.  	', 'BATU', 'JHS 7 Faith', '', '', '09:45:48', '2023-March-02', 'Logged In', '2023-03-02 09:45:48'),
(1251, 1, 391, 'Lois Angelica Marie C.  *', 'ENRIQUEZ', 'JHS 9 Joy', '', '', '09:47:58', '2023-March-02', 'Logged Out', '2023-03-02 09:47:58'),
(1252, 1, 393, 'Alijhana Faith P.  ', 'ESTIBAR', 'JHS 9 Joy', '', '', '09:47:59', '2023-March-02', 'Logged Out', '2023-03-02 09:47:59'),
(1253, 1, 150, 'Isabelle Rae D.S.  	', 'BATU', 'JHS 7 Faith', '', '', '09:48:08', '2023-March-02', 'Logged Out', '2023-03-02 09:48:08'),
(1254, 1, 475, 'Carmela Marie G.  ', 'FUENTES', 'JHS 9 Loyalty', '', '', '09:49:21', '2023-March-02', 'Logged Out', '2023-03-02 09:49:21'),
(1255, 1, 367, 'John Harry A.  ', 'AROCHA', 'JHS 9 Joy', '', '', '09:49:37', '2023-March-02', 'Logged Out', '2023-03-02 09:49:37'),
(1256, 2, 425, 'Abigail J.  ', 'ALVARAN', 'JHS 9 Justice', '', '', '03:33:09', '2023-March-02', 'Logged In', '2023-03-02 15:33:09'),
(1257, 2, 424, 'Febie Marie L.  ', 'AMANG', 'JHS 9 Justice', '', '', '03:33:16', '2023-March-02', 'Logged In', '2023-03-02 15:33:16'),
(1258, 2, 432, 'Ryle Andrei A.  ', 'SECRETARIA', 'JHS 9 Justice', '', '', '03:36:54', '2023-March-02', 'Logged In', '2023-03-02 15:36:54'),
(1259, 2, 428, 'Edzymon M.  ', 'WAGA', 'JHS 9 Justice', '', '', '03:36:59', '2023-March-02', 'Logged In', '2023-03-02 15:36:59'),
(1260, 2, 424, 'Febie Marie L.  ', 'AMANG', 'JHS 9 Justice', '', '', '03:37:16', '2023-March-02', 'Logged Out', '2023-03-02 15:37:16'),
(1261, 2, 425, 'Abigail J.  ', 'ALVARAN', 'JHS 9 Justice', '', '', '03:37:24', '2023-March-02', 'Logged Out', '2023-03-02 15:37:24'),
(1262, 2, 428, 'Edzymon M.  ', 'WAGA', 'JHS 9 Justice', '', '', '03:39:13', '2023-March-02', 'Logged Out', '2023-03-02 15:39:13'),
(1263, 2, 424, 'Febie Marie L.  ', 'AMANG', 'JHS 9 Justice', '', '', '03:39:23', '2023-March-02', 'Logged In', '2023-03-02 15:39:24'),
(1264, 2, 425, 'Abigail J.  ', 'ALVARAN', 'JHS 9 Justice', '', '', '03:39:28', '2023-March-02', 'Logged In', '2023-03-02 15:39:28'),
(1265, 2, 432, 'Ryle Andrei A.  ', 'SECRETARIA', 'JHS 9 Justice', '', '', '03:39:38', '2023-March-02', 'Logged Out', '2023-03-02 15:39:38'),
(1266, 1, 1, 'Luffy', 'anime', '', '', '', '12:54:59', '2023-May-31', 'Logged In', '2023-05-31 12:54:59');

-- --------------------------------------------------------

--
-- Table structure for table `code_tbl`
--

CREATE TABLE `code_tbl` (
  `id` int(11) NOT NULL,
  `admin_id` int(11) NOT NULL,
  `patron_id` int(11) NOT NULL,
  `code` varchar(50) NOT NULL,
  `name` varchar(50) NOT NULL,
  `lastname` varchar(30) NOT NULL,
  `level` varchar(30) NOT NULL,
  `grade_level` varchar(50) NOT NULL,
  `section` varchar(50) NOT NULL,
  `log_time` time NOT NULL,
  `log_interval` datetime NOT NULL,
  `datename` varchar(30) NOT NULL,
  `status` varchar(30) DEFAULT NULL,
  `image` varchar(60) NOT NULL,
  `date` datetime NOT NULL DEFAULT current_timestamp() ON UPDATE current_timestamp()
) ENGINE=InnoDB DEFAULT CHARSET=utf8mb4;

--
-- Dumping data for table `code_tbl`
--

INSERT INTO `code_tbl` (`id`, `admin_id`, `patron_id`, `code`, `name`, `lastname`, `level`, `grade_level`, `section`, `log_time`, `log_interval`, `datename`, `status`, `image`, `date`) VALUES
(1, 1, 1, '55555555', 'Luffy', 'anime', '', 'Grade 7', 'Chastity', '12:54:59', '2023-05-31 12:55:59', '2023-May-31', 'Logged In', '7010luffy.jpg', '2023-05-31 12:54:59');

-- --------------------------------------------------------

--
-- Table structure for table `department_group_name_tbl`
--

CREATE TABLE `department_group_name_tbl` (
  `id` int(30) NOT NULL,
  `patron_id` int(30) NOT NULL,
  `group_id` int(30) NOT NULL,
  `dep_group_nm` varchar(60) NOT NULL,
  `date` datetime NOT NULL DEFAULT current_timestamp() ON UPDATE current_timestamp()
) ENGINE=InnoDB DEFAULT CHARSET=utf8mb4;

--
-- Dumping data for table `department_group_name_tbl`
--

INSERT INTO `department_group_name_tbl` (`id`, `patron_id`, `group_id`, `dep_group_nm`, `date`) VALUES
(1, 1, 2, 'High School Library', '2023-02-27 08:54:33');

-- --------------------------------------------------------

--
-- Table structure for table `department_list_tbl`
--

CREATE TABLE `department_list_tbl` (
  `id` int(30) NOT NULL,
  `patron_id` int(30) NOT NULL,
  `department_name` varchar(60) NOT NULL,
  `date` datetime NOT NULL DEFAULT current_timestamp() ON UPDATE current_timestamp()
) ENGINE=InnoDB DEFAULT CHARSET=utf8mb4;

--
-- Dumping data for table `department_list_tbl`
--

INSERT INTO `department_list_tbl` (`id`, `patron_id`, `department_name`, `date`) VALUES
(39, 2, 'Grade 1', '2023-02-28 15:06:19'),
(40, 2, 'Grade 2', '2023-02-28 15:06:19'),
(41, 2, 'Grade 3', '2023-02-28 15:06:19'),
(42, 2, 'Grade 4', '2023-02-28 15:06:19'),
(43, 2, 'Grade 5', '2023-02-28 15:06:19'),
(44, 2, 'Grade 6', '2023-02-28 15:06:19'),
(47, 1, 'Grade 8', '2023-02-28 15:29:59'),
(48, 1, 'Grade 9', '2023-02-28 15:29:59'),
(49, 1, 'Grade 10', '2023-02-28 15:29:59'),
(53, 1, 'Grade 7', '2023-03-09 15:42:26'),
(56, 6, 'gwapo department', '2023-03-09 15:53:01'),
(57, 6, 'pangit department', '2023-03-09 15:53:08');

-- --------------------------------------------------------

--
-- Table structure for table `it_tbl`
--

CREATE TABLE `it_tbl` (
  `id` int(30) NOT NULL,
  `user_nm` varchar(50) NOT NULL,
  `user_pw` varchar(50) NOT NULL,
  `date` datetime NOT NULL DEFAULT current_timestamp() ON UPDATE current_timestamp()
) ENGINE=InnoDB DEFAULT CHARSET=utf8mb4;

--
-- Dumping data for table `it_tbl`
--

INSERT INTO `it_tbl` (`id`, `user_nm`, `user_pw`, `date`) VALUES
(1, 'it', 'smadit', '2023-02-06 09:13:12'),
(2, 'super', 'admin', '2023-02-10 11:09:53');

-- --------------------------------------------------------

--
-- Table structure for table `patron_tbl`
--

CREATE TABLE `patron_tbl` (
  `id` int(11) NOT NULL,
  `it_id` int(30) NOT NULL,
  `patron_group` varchar(30) NOT NULL,
  `date` datetime NOT NULL DEFAULT current_timestamp() ON UPDATE current_timestamp()
) ENGINE=InnoDB DEFAULT CHARSET=utf8mb4;

--
-- Dumping data for table `patron_tbl`
--

INSERT INTO `patron_tbl` (`id`, `it_id`, `patron_group`, `date`) VALUES
(1, 1, 'admin', '2023-02-06 09:15:00'),
(2, 1, 'gslib', '2023-02-06 09:15:00'),
(3, 1, 'shs', '2023-03-13 10:32:08'),
(4, 1, 'dragonballz', '2023-02-10 11:46:05'),
(5, 1, 'onepiece', '2023-02-10 11:47:07'),
(6, 1, 'hr', '2023-02-12 08:41:15'),
(7, 1, 'it', '2023-02-13 12:18:28');

-- --------------------------------------------------------

--
-- Table structure for table `profession_list_tbl`
--

CREATE TABLE `profession_list_tbl` (
  `id` int(30) NOT NULL,
  `patron_id` int(30) NOT NULL,
  `profession_name` varchar(60) NOT NULL,
  `date` datetime NOT NULL DEFAULT current_timestamp() ON UPDATE current_timestamp()
) ENGINE=InnoDB DEFAULT CHARSET=utf8mb4;

--
-- Dumping data for table `profession_list_tbl`
--

INSERT INTO `profession_list_tbl` (`id`, `patron_id`, `profession_name`, `date`) VALUES
(1, 2, 'St. Joan', '2023-02-27 11:40:43'),
(2, 2, 'St. Rita', '2023-02-27 11:40:43'),
(3, 2, 'St. Luke', '2023-02-27 11:40:43'),
(4, 2, 'St. Paul', '2023-02-27 11:40:43'),
(5, 2, 'St. Peter', '2023-02-27 11:40:43'),
(6, 2, 'St. Cecilia', '2023-02-27 11:40:43'),
(7, 2, 'St. Clair', '2023-02-27 11:40:43'),
(8, 2, 'St. Teresa', '2023-02-27 11:40:43'),
(9, 2, 'St. Dominic', '2023-02-27 11:40:43'),
(10, 2, 'St. James', '2023-02-27 11:40:43'),
(11, 2, 'St. Michael', '2023-02-27 11:40:43'),
(12, 2, 'St. Benedict', '2023-02-27 11:40:43'),
(13, 2, 'St. Bernadette', '2023-02-27 11:40:43'),
(14, 2, 'St. Ma. Goretti', '2023-02-27 11:40:43'),
(15, 2, 'St. Elizabeth', '2023-02-27 11:40:43'),
(16, 2, 'St. Francis Xavier', '2023-02-27 11:40:43'),
(17, 2, 'St. Ignatius of Loyola', '2023-02-27 11:40:43'),
(18, 2, 'St. Lorenzo Ruiz', '2023-02-27 11:40:43'),
(19, 1, 'Chastity', '2023-02-28 15:32:59'),
(20, 1, 'Courage', '2023-02-28 15:32:59'),
(21, 1, 'Faith', '2023-02-28 15:32:59'),
(22, 1, 'Fortitude', '2023-02-28 15:32:59'),
(23, 1, 'Generosity', '2023-02-28 15:32:59'),
(24, 1, 'Honesty', '2023-02-28 15:32:59'),
(25, 1, 'Chastity', '2023-02-28 15:32:59'),
(26, 1, 'Chastity', '2023-02-28 15:32:59'),
(27, 1, 'Chastity', '2023-02-28 15:32:59'),
(28, 1, 'Chastity', '2023-02-28 15:34:56'),
(29, 1, 'Courage', '2023-02-28 15:34:56'),
(30, 1, 'Faith', '2023-02-28 15:34:56'),
(31, 1, 'Fortitude', '2023-02-28 15:34:56'),
(32, 1, 'Generosity', '2023-02-28 15:34:56'),
(33, 1, 'Honesty', '2023-02-28 15:34:56'),
(34, 1, 'Hope', '2023-02-28 15:34:56'),
(35, 1, 'Humility', '2023-02-28 15:34:56'),
(36, 1, 'Integrity', '2023-02-28 15:34:56'),
(37, 1, 'Chastity', '2023-02-28 15:34:56'),
(38, 1, 'Joy', '2023-02-28 15:34:56'),
(39, 1, 'Justice', '2023-02-28 15:34:56'),
(40, 1, 'Loyalty', '2023-02-28 15:34:56'),
(41, 1, 'Modesty', '2023-02-28 15:34:56'),
(42, 1, 'Patience', '2023-02-28 15:34:56'),
(43, 1, 'Peace', '2023-02-28 15:34:56'),
(44, 1, 'Piety', '2023-02-28 15:34:56'),
(45, 1, 'Service', '2023-02-28 15:34:56'),
(46, 1, 'Simplicity', '2023-02-28 15:34:56'),
(47, 3, 'Compassion', '2023-03-13 10:28:31'),
(48, 3, 'Mercy', '2023-03-13 10:30:20'),
(49, 3, 'Respect', '2023-03-13 10:30:20'),
(50, 3, 'Prudence', '2023-03-13 10:30:20'),
(51, 3, 'Diligence', '2023-03-13 10:30:20'),
(52, 3, 'Temperance', '2023-03-13 10:30:20');

--
-- Indexes for dumped tables
--

--
-- Indexes for table `admin_tbl`
--
ALTER TABLE `admin_tbl`
  ADD PRIMARY KEY (`id`);

--
-- Indexes for table `attn_tbl`
--
ALTER TABLE `attn_tbl`
  ADD PRIMARY KEY (`id`);

--
-- Indexes for table `code_tbl`
--
ALTER TABLE `code_tbl`
  ADD PRIMARY KEY (`id`);

--
-- Indexes for table `department_group_name_tbl`
--
ALTER TABLE `department_group_name_tbl`
  ADD PRIMARY KEY (`id`);

--
-- Indexes for table `department_list_tbl`
--
ALTER TABLE `department_list_tbl`
  ADD PRIMARY KEY (`id`);

--
-- Indexes for table `it_tbl`
--
ALTER TABLE `it_tbl`
  ADD PRIMARY KEY (`id`);

--
-- Indexes for table `patron_tbl`
--
ALTER TABLE `patron_tbl`
  ADD PRIMARY KEY (`id`);

--
-- Indexes for table `profession_list_tbl`
--
ALTER TABLE `profession_list_tbl`
  ADD PRIMARY KEY (`id`);

--
-- AUTO_INCREMENT for dumped tables
--

--
-- AUTO_INCREMENT for table `admin_tbl`
--
ALTER TABLE `admin_tbl`
  MODIFY `id` int(11) NOT NULL AUTO_INCREMENT, AUTO_INCREMENT=8;

--
-- AUTO_INCREMENT for table `attn_tbl`
--
ALTER TABLE `attn_tbl`
  MODIFY `id` int(11) NOT NULL AUTO_INCREMENT, AUTO_INCREMENT=1267;

--
-- AUTO_INCREMENT for table `code_tbl`
--
ALTER TABLE `code_tbl`
  MODIFY `id` int(11) NOT NULL AUTO_INCREMENT, AUTO_INCREMENT=2;

--
-- AUTO_INCREMENT for table `department_group_name_tbl`
--
ALTER TABLE `department_group_name_tbl`
  MODIFY `id` int(30) NOT NULL AUTO_INCREMENT, AUTO_INCREMENT=2;

--
-- AUTO_INCREMENT for table `department_list_tbl`
--
ALTER TABLE `department_list_tbl`
  MODIFY `id` int(30) NOT NULL AUTO_INCREMENT, AUTO_INCREMENT=58;

--
-- AUTO_INCREMENT for table `it_tbl`
--
ALTER TABLE `it_tbl`
  MODIFY `id` int(30) NOT NULL AUTO_INCREMENT, AUTO_INCREMENT=3;

--
-- AUTO_INCREMENT for table `patron_tbl`
--
ALTER TABLE `patron_tbl`
  MODIFY `id` int(11) NOT NULL AUTO_INCREMENT, AUTO_INCREMENT=8;

--
-- AUTO_INCREMENT for table `profession_list_tbl`
--
ALTER TABLE `profession_list_tbl`
  MODIFY `id` int(30) NOT NULL AUTO_INCREMENT, AUTO_INCREMENT=53;
COMMIT;

/*!40101 SET CHARACTER_SET_CLIENT=@OLD_CHARACTER_SET_CLIENT */;
/*!40101 SET CHARACTER_SET_RESULTS=@OLD_CHARACTER_SET_RESULTS */;
/*!40101 SET COLLATION_CONNECTION=@OLD_COLLATION_CONNECTION */;
